LoadType,Condition,Vrms,Irms,RealPower,PF,ApparentPower,SP_Ratio,CurrentPerWatt,PF_Drift,Current_Drift,Power_Drift,RollingMean_Power,RollingMean_PF,RollingMean_Current,RollingStd_Power,RollingStd_PF,RollingStd_Current,ActualPower,PredictedPower,PredictionError,HealthScore,HealthStatus,Diagnosis,MaintenanceAlert
0,0,232.6,0.0401,7.16,0.768,9.327259999999999,1.302689944134078,0.005600558659217877,0.016000000000000014,9.999999999999593e-05,0.21999999999999975,6.960000000000001,0.7516,0.04012,0.19300259065620143,0.01786896751353867,0.0001303840481038518,6.81,6.944947,0.1349467658996586,96.77634813448601,Healthy,Normal stable operation,System Normal
0,0,231.1,0.0401,6.93,0.748,9.267109999999999,1.3372453102453101,0.005786435786435786,-0.030000000000000027,9.999999999999593e-05,-0.25,7.0680000000000005,0.7668,0.03998,0.16021860066797658,0.01681368490248034,8.366600265309592e-05,6.93,7.0395246,0.10952455520629911,95.14503332946094,Healthy,Possible power factor degradation,System Normal
1,0,229.6,0.4248,96.36,0.988,97.53408,1.0121843088418432,0.004408468244084683,-0.0030000000000000027,-0.0005000000000000004,-1.2800000000000011,96.77000000000001,0.9869999999999999,0.425,0.49959983987176443,0.0026457513110631913,0.0003240370349204494,96.58,97.03188,0.45188323974609546,96.37360146508988,Healthy,Normal stable operation,System Normal
1,0,229.2,0.4247,94.15,0.967,97.34124,1.0338952734997344,0.004510886882634095,-0.015000000000000013,-0.0007999999999999674,-1.9199999999999875,96.39399999999999,0.9838000000000001,0.42506000000000005,1.4881800966280971,0.010686440005913638,0.000336154726280329,99.83,97.04443,2.7855664062499983,85.26903915392562,Healthy,Unexpected appliance behavior predicted,System Normal
2,3,223.4,0.4278,64.21,0.672,95.57052,1.4884055443077404,0.006662513627160879,0.01200000000000001,0.023799999999999988,4.659999999999997,60.814,0.6648,0.4095,2.032714933284995,0.0060991802727913625,0.01035132841716428,65.58,65.62194,0.041940612792970455,84.21111408371982,Mild Risk,Moderate load instability observed | Current instability increasing,MAINTENANCE REQUIRED
0,0,231.4,0.0403,8.4,0.901,9.325420000000001,1.1101690476190478,0.004797619047619048,0.020000000000000018,0.00010000000000000286,0.28000000000000114,8.27,0.8914,0.04022,0.12144957801491879,0.009659192512836604,4.4721359549375916e-05,8.39,8.146178,0.24382175445556697,96.30269138116886,Healthy,Possible power factor degradation,MAINTENANCE REQUIRED
1,0,232.3,0.4248,98.44,0.999,98.68104000000001,1.0024485981308413,0.004315318976026006,0.010000000000000009,-0.00019999999999997797,1.5600000000000023,96.862,0.9888000000000001,0.42504,1.151399148861752,0.007085195833562987,0.0002302172886707633,96.31,96.58636,0.2763571166992165,93.22162557458614,Healthy,Normal stable operation,MAINTENANCE REQUIRED
2,0,240.1,0.4014,61.78,0.641,96.37613999999999,1.5599893169310455,0.006497248300420848,0.03600000000000003,0.025099999999999956,10.439999999999998,62.83200000000001,0.6632,0.41644,6.843414352499774,0.03900256401827952,0.026758232378092377,62.08,61.034966,1.0450344848632795,58.446564044433046,Moderate Risk,High power fluctuation detected | Possible power factor degradation | Current instability increasing,MAINTENANCE REQUIRED
1,0,230.5,0.4249,96.27,0.983,97.93945,1.0173413316713409,0.004413628336968942,0.0030000000000000027,-0.00040000000000001146,-0.4200000000000017,96.16600000000001,0.9804,0.42523999999999995,0.9674089104406954,0.008619744775803576,0.00028809720581860783,96.32,95.63606,0.6839373779296807,93.91794410801458,Healthy,Normal stable operation,MAINTENANCE REQUIRED
1,0,231.5,0.4247,96.58,0.982,98.31805,1.017995961896873,0.004397390764133361,0.0030000000000000027,-0.00039999999999995595,0.6099999999999994,95.98400000000001,0.9792000000000002,0.42501999999999995,0.7359551616777058,0.005357238094390965,0.00031144823004886334,96.57,96.325195,0.24480468749999318,95.88863473814062,Healthy,Normal stable operation,MAINTENANCE REQUIRED
0,0,230.5,0.0402,8.21,0.886,9.2661,1.1286358099878195,0.00489646772228989,0.028000000000000025,0.0,0.2400000000000011,8.176,0.8836,0.0402,0.11696153213771665,0.01470714112259841,0.0,8.38,8.172545,0.2074545669555672,95.3851244285054,Healthy,Possible power factor degradation,MAINTENANCE REQUIRED
1,0,231.9,0.4253,96.69,0.98,98.62707,1.020033819422898,0.004398593442962044,0.01200000000000001,-0.00029999999999996696,1.7999999999999972,96.176,0.9794,0.42518,0.969009803872004,0.008532291603080283,0.00038987177379305363,96.27,96.06183,0.20817138671874602,93.85251637587649,Healthy,Normal stable operation,MAINTENANCE REQUIRED
0,0,228.6,0.0402,7.12,0.774,9.18972,1.2906910112359549,0.005646067415730337,0.02300000000000002,0.0,0.16999999999999993,7.054,0.7658,0.0402,0.09476286192388414,0.010183319694475777,0.0,6.97,7.0836396,0.11363962173461939,96.34489423859748,Healthy,Possible power factor degradation,MAINTENANCE REQUIRED
2,1,222.9,0.3841,56.02,0.653,85.61589000000001,1.5283093538022134,0.006856479828632631,0.0040000000000000036,0.0005999999999999894,0.14000000000000057,54.522000000000006,0.6446,0.378,1.7202964860743288,0.0070213958726153035,0.007500999933341662,56.43,56.421562,0.008437805175780966,92.15563593153007,Healthy,Moderate load instability observed,MAINTENANCE REQUIRED
1,0,230.6,0.4247,96.6,0.986,97.93582,1.013828364389234,0.00439648033126294,0.0,-0.0006999999999999784,0.009999999999990905,96.556,0.9844000000000002,0.42506000000000005,0.12421755109489652,0.0015165750888072051,0.00036469165057703885,97.64,97.368866,0.27113403320312557,98.69435825463171,Healthy,Normal stable operation,MAINTENANCE REQUIRED
2,0,239.4,0.3871,58.89,0.635,92.67174,1.5736413652572592,0.006573272202411275,0.0020000000000000018,-0.00019999999999997797,-0.0799999999999983,59.224000000000004,0.6354,0.38795999999999997,0.3104512844231106,0.0021908902300037457,0.0010064790111977667,59.36,59.02718,0.3328202819824213,97.63587375127462,Healthy,Normal stable operation,MAINTENANCE REQUIRED
2,0,223.5,0.3701,53.12,0.642,82.71735,1.5571790286144578,0.0069672439759036146,0.009000000000000008,0.00040000000000001146,1.1999999999999957,52.448,0.6364000000000001,0.3699,0.4974635665040591,0.0037815340802284164,0.00041833001323581047,52.34,52.37472,0.034721527099605964,96.5806034975075,Healthy,Normal stable operation,MAINTENANCE REQUIRED
1,0,231.9,0.4253,96.69,0.98,98.62707,1.020033819422898,0.004398593442962044,0.01200000000000001,-0.00029999999999996696,1.7999999999999972,96.176,0.9794,0.42517999999999995,0.9690098038719536,0.0085322916030802,0.0003898717737930667,96.27,96.06183,0.20817138671874602,93.8525163758767,Healthy,Normal stable operation,MAINTENANCE REQUIRED
2,1,223.8,0.3848,56.43,0.655,86.11824,1.526107389686337,0.00681906787169945,0.0020000000000000018,0.0006999999999999784,0.4099999999999966,55.206,0.6477999999999999,0.38096,1.6471733363553247,0.007463243262818526,0.006393199511980989,56.94,56.534573,0.40542739868163835,91.78642001376127,Healthy,Moderate load instability observed,MAINTENANCE REQUIRED
0,1,228.8,0.0416,7.11,0.749,9.51808,1.338689170182841,0.005850914205344585,-0.04600000000000004,0.0002999999999999947,-0.5,7.346000000000001,0.7706000000000001,0.041400000000000006,0.19424211695716173,0.017126003620226225,0.00015811388300843344,7.56,7.4597096,0.10029035568237266,92.89002316538796,Healthy,Possible power factor degradation,MAINTENANCE REQUIRED
2,0,223.1,0.3678,52.31,0.637,82.05618,1.5686518830051615,0.007031160389982795,0.0050000000000000044,-0.0017999999999999683,0.14000000000000057,52.372,0.636,0.3695,0.4498555323644821,0.003937003936996719,0.0009924716620507259,52.3,51.99804,0.3019607543945284,96.35416023608705,Healthy,Current instability increasing,MAINTENANCE REQUIRED
2,0,225.6,0.3763,51.34,0.605,84.89328,1.653550447993767,0.007329567588624854,-0.08000000000000007,-0.056499999999999995,-14.799999999999997,64.186,0.6744,0.42397999999999997,7.241400417046414,0.039074288221284594,0.026772317792824577,61.78,60.89769,0.8823101806640636,43.94796680993663,Severe Risk,High power fluctuation detected | Possible power factor degradation | Current instability increasing | Maintenance recommended,MAINTENANCE REQUIRED
1,3,231.2,0.4368,88.22,0.873,100.98816,1.1447309000226706,0.004951258218091136,0.0040000000000000036,0.0009000000000000119,1.1799999999999926,89.97800000000001,0.9012,0.43326000000000003,2.3345170806828635,0.028411265371331217,0.002870191631233159,87.36,88.19948,0.8394781494140631,87.62134109357878,Healthy,Moderate load instability observed | Current instability increasing,MAINTENANCE REQUIRED
0,0,228.5,0.04,6.71,0.735,9.14,1.3621460506706409,0.005961251862891207,0.0020000000000000018,0.0,-0.020000000000000462,6.965999999999999,0.7575999999999999,0.03998,0.2753724750224762,0.027070278905099988,4.4721359549414893e-05,6.96,7.1008716,0.1408715629577637,98.2698047245165,Healthy,Normal stable operation,MAINTENANCE REQUIRED
1,3,229.8,0.4369,86.92,0.862,100.39962000000001,1.155080763920847,0.0050264611136677404,-0.013000000000000012,-0.0005999999999999894,-1.789999999999992,87.65,0.8694000000000001,0.43664000000000003,0.7806407624510617,0.005029910536013333,0.0006465291950104223,88.34,88.42587,0.08587280273437159,94.71523943675335,Healthy,Normal stable operation,MAINTENANCE REQUIRED
2,0,241.9,0.3805,59.73,0.649,92.04295,1.5409835928344218,0.006370333165913277,0.020000000000000018,0.00019999999999997797,2.769999999999996,58.396,0.639,0.38076,1.2338273785258023,0.009999999999996822,0.0009449867723820862,57.04,57.594666,0.5546655273437509,90.93578591488163,Healthy,Possible power factor degradation,MAINTENANCE REQUIRED
2,0,240.8,0.3896,59.53,0.635,93.81568,1.575939526289266,0.006544599361666387,-0.008000000000000007,-0.0025000000000000022,-0.9699999999999989,59.04600000000001,0.6344,0.39130000000000004,4.427491389037325,0.01708215443086512,0.00954175036353338,59.36,59.606277,0.24627746582031307,79.36775272111362,Mild Risk,High power fluctuation detected | Current instability increasing,MAINTENANCE REQUIRED
0,0,230.8,0.04,7.18,0.778,9.232000000000001,1.2857938718662956,0.005571030640668524,0.0010000000000000009,0.00010000000000000286,0.009999999999999787,7.054,0.7666,0.039939999999999996,0.17742604092974773,0.017096783323183793,5.4772255750046246e-05,6.93,7.080075,0.15007478713989286,98.76300283201978,Healthy,Normal stable operation,MAINTENANCE REQUIRED
1,0,231.3,0.4251,97.18,0.988,98.32563,1.0117887425396173,0.004374356863552171,-0.01200000000000001,0.0005000000000000004,-1.7399999999999949,97.352,0.9906,0.42496,1.0196666121825826,0.00712741187248147,0.0003049590136395726,96.63,95.78347,0.8465298461914017,92.12974473059656,Healthy,Normal stable operation,MAINTENANCE REQUIRED
0,3,232.8,0.0466,9.34,0.859,10.84848,1.161507494646681,0.0049892933618843685,0.014000000000000012,0.0004000000000000045,0.35999999999999943,8.91,0.845,0.04564,0.3872337795182616,0.010319883720276054,0.0013501851724855983,8.57,7.448546,1.121454067230225,93.89443129891234,Healthy,Normal stable operation,MAINTENANCE REQUIRED
0,0,231.0,0.0402,8.37,0.901,9.2862,1.1094623655913978,0.004802867383512545,0.028000000000000025,0.0,0.379999999999999,8.244,0.8894,0.04022,0.19047309521295105,0.016682325976914554,4.472135954937232e-05,8.19,8.169202,0.02079814910888622,95.50730943670425,Healthy,Possible power factor degradation,MAINTENANCE REQUIRED
1,0,231.6,0.4251,97.46,0.991,98.45316,1.010190437102401,0.004361789452082905,-0.006000000000000005,0.00039999999999995595,-0.6600000000000108,96.88,0.9878,0.42502000000000006,1.0704204781297684,0.007049822692801605,0.00025884358211653545,95.92,96.31321,0.39320953369140454,93.76476149404883,Healthy,Normal stable operation,MAINTENANCE REQUIRED
0,0,230.7,0.0402,7.12,0.767,9.27414,1.3025477528089886,0.005646067415730337,0.01100000000000001,0.00010000000000000286,0.15000000000000036,7.078,0.7646,0.040119999999999996,0.19473058311420943,0.014690132742763052,8.366600265340826e-05,7.35,7.0594,0.29059991836547816,97.06428350947712,Healthy,Normal stable operation,MAINTENANCE REQUIRED
2,1,223.4,0.3812,54.91,0.644,85.16008,1.550902932070661,0.006942269167729011,0.0050000000000000044,0.010399999999999965,2.5999999999999943,53.395999999999994,0.6464000000000001,0.37196,0.9408400501676195,0.00482700735445433,0.005217566482565256,55.42,55.97454,0.554540710449217,91.68352754543392,Healthy,Current instability increasing,MAINTENANCE REQUIRED
2,0,222.7,0.3703,52.51,0.637,82.46581,1.5704781946295945,0.007051990097124358,-0.0030000000000000027,0.0011000000000000454,-0.07000000000000028,52.528,0.6378,0.36960000000000004,0.5236124521045522,0.005630275304097862,0.0005700877125262569,52.48,52.22651,0.2534909057617156,96.58587997895529,Healthy,Current instability increasing,MAINTENANCE REQUIRED
0,0,229.2,0.0402,8.12,0.881,9.21384,1.1347093596059115,0.004950738916256158,-0.008000000000000007,0.0,-0.11000000000000121,8.21,0.8862,0.0402,0.11510864433222016,0.010183319694482414,0.0,8.4,8.193652,0.20634784698486364,98.00407103743338,Healthy,Normal stable operation,MAINTENANCE REQUIRED
2,0,219.3,0.3683,51.43,0.637,80.76819,1.5704489597511182,0.007161189966945363,0.007000000000000006,-0.0012999999999999678,0.7000000000000028,51.43399999999999,0.6358,0.36879999999999996,0.48008332609957255,0.004604345773280761,0.0007516648189012426,51.94,52.24619,0.3061891174316429,96.07682148607081,Healthy,Current instability increasing,MAINTENANCE REQUIRED
0,1,232.1,0.0412,7.58,0.793,9.56252,1.26154617414248,0.005435356200527704,0.025000000000000022,-0.00030000000000000165,0.2400000000000002,7.322,0.7714,0.04104,0.196010203816006,0.013538833036859852,0.0005458937625580924,7.08,7.2667503,0.1867503356933593,95.42346742808971,Healthy,Possible power factor degradation,MAINTENANCE REQUIRED
2,0,222.5,0.3712,52.9,0.64,82.592,1.5612854442344046,0.007017013232514177,0.006000000000000005,0.00019999999999997797,0.7100000000000009,52.552,0.636,0.37144000000000005,0.26166772823362094,0.002549509756782113,0.0004827007354178405,52.42,52.3631,0.056901855468751705,97.95010450570649,Healthy,Normal stable operation,MAINTENANCE REQUIRED
2,0,224.1,0.3702,53.04,0.64,82.96181999999999,1.5641368778280542,0.006979638009049774,0.006000000000000005,0.00039999999999995595,0.9299999999999997,52.552,0.6366,0.37016,0.471455194053366,0.0030495901363953343,0.0005727128425233926,52.56,52.363773,0.19622665405273665,96.70969315015445,Healthy,Normal stable operation,MAINTENANCE REQUIRED
1,0,231.1,0.4253,96.58,0.983,98.28683,1.0176727065645061,0.004403603230482502,-0.0050000000000000044,0.0005000000000000004,0.21999999999999886,96.75399999999999,0.9868,0.42510000000000003,0.505252412166328,0.002949576240749279,0.0003240370349203734,96.25,96.54148,0.29148101806640625,96.45714390248325,Healthy,Normal stable operation,MAINTENANCE REQUIRED
0,0,229.9,0.0401,6.86,0.744,9.21899,1.3438760932944604,0.005845481049562682,-0.017000000000000015,9.999999999999593e-05,-0.20999999999999996,6.992,0.7572,0.04006,0.17108477430795607,0.015056560032089085,5.477225575003681e-05,7.11,7.063764,0.046235904693603835,96.94063220772122,Healthy,Normal stable operation,MAINTENANCE REQUIRED
2,0,242.6,0.3754,58.98,0.648,91.07204,1.5441173279077653,0.006364869447270262,0.01200000000000001,-0.00029999999999996696,1.3399999999999963,57.995999999999995,0.6397999999999999,0.3759,1.0216065778957195,0.007395944834836116,0.0008860022573192937,57.27,57.060932,0.209067840576175,93.63153579495665,Healthy,Normal stable operation,MAINTENANCE REQUIRED
2,0,222.6,0.3692,52.18,0.635,82.18391999999999,1.5750080490609426,0.007075507857416634,-0.0030000000000000027,-0.0013000000000000234,-0.7999999999999972,58.65599999999999,0.6596,0.39672,8.40878588144567,0.03197342646636433,0.03685969343334256,52.91,52.933716,0.02371582031250341,64.24477113932431,Moderate Risk,High power fluctuation detected | Current instability increasing,MAINTENANCE REQUIRED
0,0,233.4,0.0402,7.34,0.782,9.38268,1.2782942779291555,0.005476839237057221,0.051000000000000045,0.0,0.5599999999999996,7.064,0.7666000000000001,0.04022,0.2669831455354521,0.02526459973955492,4.472135954939048e-05,7.01,6.9695616,0.04043842315673807,92.14379866609261,Healthy,Possible power factor degradation,MAINTENANCE REQUIRED
0,0,231.9,0.0402,7.16,0.767,9.32238,1.3020083798882682,0.0056145251396648044,-0.0010000000000000009,-0.00010000000000000286,-0.019999999999999574,7.037999999999999,0.7546,0.04024,0.13274034804838017,0.013296616110872107,5.4772255750017115e-05,7.14,6.9553905,0.18460954666137663,98.86978087476989,Healthy,Normal stable operation,MAINTENANCE REQUIRED
0,0,229.8,0.0401,6.97,0.756,9.214979999999999,1.3220918220946913,0.005753228120516499,-0.02200000000000002,-0.00010000000000000286,-0.3100000000000005,7.074,0.7642,0.04012,0.19385561637466175,0.014635573101180532,8.366600265340826e-05,7.12,7.106605,0.01339494705200206,96.26901138401854,Healthy,Possible power factor degradation,MAINTENANCE REQUIRED
2,1,223.8,0.3848,56.43,0.655,86.11824,1.526107389686337,0.00681906787169945,0.0020000000000000018,0.0006999999999999784,0.4099999999999966,55.206,0.6477999999999999,0.38095999999999997,1.6471733363552497,0.007463243262817007,0.006393199511980854,56.94,56.534573,0.40542739868163835,91.78642001376157,Healthy,Moderate load instability observed,MAINTENANCE REQUIRED
1,0,230.8,0.4248,97.18,0.991,98.04384,1.0088890718254784,0.0043712698086025925,-0.0030000000000000027,-0.0005000000000000004,-0.6699999999999875,97.53399999999999,0.9922000000000001,0.42498,1.1400570161180021,0.00810555365166316,0.00025884358211092525,96.6,97.99213,1.3921264648437557,91.55103452396868,Healthy,Normal stable operation,MAINTENANCE REQUIRED
0,0,232.0,0.0399,7.24,0.781,9.2568,1.278563535911602,0.005511049723756906,0.01200000000000001,-0.00010000000000000286,0.14000000000000057,7.087999999999999,0.7664,0.04002,0.21417282740815702,0.021720957621612996,8.366600265309783e-05,7.23,6.970878,0.2591218757629399,96.92513015010117,Healthy,Normal stable operation,MAINTENANCE REQUIRED
1,1,231.0,0.4268,95.63,0.971,98.5908,1.030960995503503,0.004463034612569278,0.017000000000000015,-0.0005999999999999894,1.8100000000000023,94.79199999999999,0.9630000000000001,0.42691999999999997,0.7886507465280829,0.006892024376041135,0.00034205262753139693,96.11,93.344734,2.765265808105468,88.01401551654322,Healthy,Unexpected appliance behavior predicted,MAINTENANCE REQUIRED
0,0,230.5,0.0401,6.56,0.709,9.243049999999998,1.4090015243902438,0.006112804878048781,-0.052000000000000046,0.0,-0.4900000000000002,6.898000000000001,0.7465999999999999,0.04002,0.2215174936658611,0.023943683927079705,8.366600265309829e-05,6.91,7.053099,0.14309915542602525,91.9671171120079,Healthy,Possible power factor degradation,MAINTENANCE REQUIRED
1,3,230.5,0.4351,88.41,0.882,100.29055,1.134380160615315,0.004921388983146703,0.006000000000000005,0.00029999999999996696,1.289999999999992,90.04,0.905,0.43238000000000004,2.2511441535360524,0.02471841418861836,0.0023668544526446005,86.95,88.31646,1.366459655761716,86.64153262029048,Healthy,Moderate load instability observed,MAINTENANCE REQUIRED
1,0,231.1,0.425,95.31,0.97,98.2175,1.030505718182772,0.00445913335431749,-0.006000000000000005,-0.00040000000000001146,-0.5999999999999943,96.188,0.9782,0.42508,2.14863212300292,0.012969194269498625,0.000356370593624852,95.02,95.12598,0.10597656250000398,89.93577838912037,Healthy,Moderate load instability observed,MAINTENANCE REQUIRED
0,0,230.2,0.04,7.2,0.782,9.208,1.278888888888889,0.005555555555555556,0.03300000000000003,0.00010000000000000286,0.33999999999999986,6.9959999999999996,0.7592000000000001,0.039939999999999996,0.14501724035439598,0.013971399357254706,5.4772255750046246e-05,7.17,7.0836396,0.08636037826538079,94.87013711572492,Healthy,Possible power factor degradation,MAINTENANCE REQUIRED
2,0,223.3,0.3684,53.25,0.647,82.26372,1.5448585915492958,0.00691830985915493,-0.0030000000000000027,-0.00040000000000001146,-0.03999999999999915,52.970000000000006,0.648,0.36854,0.2825774230170876,0.0015811388300718207,0.00042190046216367745,52.66,52.560318,0.09968200683593409,98.10862555358781,Healthy,Normal stable operation,MAINTENANCE REQUIRED
0,0,232.0,0.0402,7.24,0.776,9.3264,1.2881767955801104,0.005552486187845303,0.031000000000000028,0.0001999999999999988,0.41999999999999993,7.046000000000001,0.7612,0.04012,0.18595698427321772,0.014788509052638149,8.366600265208514e-05,6.95,6.965504,0.01550416946411115,95.09932714209505,Healthy,Possible power factor degradation,MAINTENANCE REQUIRED
1,0,230.6,0.4254,97.7,0.996,98.09724,1.0040659160696008,0.004354145342886387,0.010000000000000009,0.0005000000000000004,1.1000000000000085,97.46799999999999,0.9928000000000001,0.42512,0.5766021158475679,0.004438468204233264,0.000258843582110792,96.36,96.93077,0.5707708740234381,94.86733915481754,Healthy,Normal stable operation,MAINTENANCE REQUIRED
2,0,242.3,0.3774,59.37,0.649,91.44402000000001,1.5402395149065187,0.006356745831227893,0.014000000000000012,-0.0005999999999999894,1.4799999999999969,58.08,0.6386000000000001,0.37742000000000003,1.047138959259861,0.008792041856129649,0.00042661458012518445,57.36,57.201775,0.15822540283203068,93.30958917967403,Healthy,Normal stable operation,MAINTENANCE REQUIRED
1,3,232.1,0.4375,88.71,0.875,101.54375,1.1446708375605907,0.004931800247999099,0.007000000000000006,0.0014000000000000123,1.3499999999999943,88.528,0.8812000000000001,0.43538000000000004,1.691588011307758,0.02243211982850179,0.002745359721421009,86.92,87.178215,0.25821502685546704,91.12039579625387,Healthy,Moderate load instability observed | Current instability increasing,MAINTENANCE REQUIRED
1,0,232.0,0.4246,96.32,0.978,98.5072,1.0227076411960134,0.004408222591362127,0.020000000000000018,-0.00040000000000001146,2.4799999999999898,95.41799999999999,0.974,0.42508,1.29082144388758,0.011202678251204178,0.00032710854467680816,97.39,97.091125,0.29887451171875057,91.23768776278548,Healthy,Possible power factor degradation,MAINTENANCE REQUIRED
1,0,231.3,0.4249,97.22,0.989,98.27937,1.010896626208599,0.004370499897140506,0.007000000000000006,-0.0005999999999999894,1.1500000000000057,97.008,0.9882,0.42510000000000003,0.8093948356642086,0.005118593556827062,0.0002915475947422383,97.6,96.99201,0.6079879760742131,94.18050706670178,Healthy,Normal stable operation,MAINTENANCE REQUIRED
0,0,230.4,0.0402,8.17,0.882,9.262080000000001,1.133669522643819,0.004920440636474908,0.0040000000000000036,0.0,0.02999999999999936,8.126,0.8800000000000001,0.040260000000000004,0.07635443667529673,0.006892024376046687,5.477225575000609e-05,8.21,8.180556,0.02944370269775476,99.09291014705501,Healthy,Normal stable operation,MAINTENANCE REQUIRED
1,2,229.2,0.4292,91.55,0.93,98.37264,1.0745236482796288,0.004688148552703441,-0.03199999999999992,0.0025000000000000022,-3.010000000000005,94.334,0.9578,0.42742,1.7958090098892296,0.017181385275930418,0.0010305338422397518,92.83,92.75242,0.07758148193359204,87.57816858032311,Healthy,Moderate load instability observed | Possible power factor degradation | Current instability increasing,MAINTENANCE REQUIRED
2,0,240.4,0.3833,58.18,0.631,92.14532,1.5837971811619114,0.006588174630457202,-0.013000000000000012,-0.0030000000000000027,-1.7800000000000011,59.50599999999999,0.6388,0.38756,0.8623108488240836,0.005585696017501731,0.0033775730932119378,59.54,59.0271,0.5129003906249991,92.82433411760194,Healthy,Current instability increasing,MAINTENANCE REQUIRED
0,1,232.2,0.0412,7.46,0.782,9.56664,1.2823914209115281,0.005522788203753352,-0.01200000000000001,-0.0001999999999999988,-0.1200000000000001,7.38,0.776,0.04124,0.18152134860671712,0.01589024858206864,0.00011401754250929448,7.21,7.1609826,0.04901739120483395,97.51917597392912,Healthy,Normal stable operation,MAINTENANCE REQUIRED
0,0,228.7,0.0402,6.65,0.722,9.19374,1.3825172932330827,0.006045112781954887,-0.04500000000000004,0.0,-0.45999999999999996,6.960000000000001,0.7535999999999999,0.0402,0.19000000000001377,0.02000749859427461,0.0,7.07,7.063764,0.0062359046936038,93.32529101084262,Healthy,Possible power factor degradation,MAINTENANCE REQUIRED
0,0,230.8,0.0402,8.23,0.887,9.27816,1.1273584447144591,0.0048845686512758195,-0.0030000000000000027,0.0,-0.049999999999998934,8.216,0.8864000000000001,0.0402,0.0415932686861938,0.003361547262798517,0.0,8.23,8.200281,0.029718856811523864,99.36740063186444,Healthy,Normal stable operation,MAINTENANCE REQUIRED
0,0,228.9,0.0403,6.83,0.741,9.224670000000001,1.3506105417276721,0.005900439238653001,-0.025000000000000022,0.00010000000000000286,-0.3200000000000003,6.9719999999999995,0.7542000000000001,0.040260000000000004,0.130843417870387,0.010084641788378187,5.477225575001221e-05,7.26,7.063764,0.1962359046936033,95.72057250540033,Healthy,Possible power factor degradation,MAINTENANCE REQUIRED
0,0,232.4,0.0403,7.29,0.776,9.365720000000001,1.284735253772291,0.005528120713305899,0.04700000000000004,0.00020000000000000573,0.5499999999999998,7.0840000000000005,0.7618,0.04022,0.25294268125406855,0.02096902477465289,8.36660026533437e-05,7.03,6.9695616,0.06043842315673853,92.63048241549735,Healthy,Possible power factor degradation,MAINTENANCE REQUIRED
2,1,224.1,0.3826,55.42,0.646,85.74065999999999,1.5471068206423673,0.006903644893540238,0.0020000000000000018,0.0014000000000000123,0.5100000000000051,53.84400000000001,0.6456000000000001,0.37454,1.2832692624696658,0.004393176527292538,0.006777019994067331,55.66,56.171844,0.5118444824218784,92.8903304715785,Healthy,Current instability increasing,MAINTENANCE REQUIRED
1,0,231.8,0.4253,98.92,1.0,98.58454,0.9966087747674889,0.004299433885968459,0.015000000000000013,0.00040000000000001146,1.960000000000008,97.704,0.9922000000000001,0.425,1.3303871616938667,0.009628083921528214,0.00024494897427836533,97.75,98.46122,0.7112197875976562,90.77931562078834,Healthy,Normal stable operation,MAINTENANCE REQUIRED
0,0,232.6,0.04,7.03,0.755,9.304,1.323470839260313,0.005689900426742532,-0.03400000000000003,0.0,-0.33999999999999986,7.095999999999999,0.7664000000000001,0.04,0.22423202269079404,0.021419617176782032,0.0,6.84,6.9553905,0.11539045333862319,94.36720428274607,Healthy,Possible power factor degradation,MAINTENANCE REQUIRED
1,0,230.5,0.4247,96.06,0.981,97.89335,1.0190854674161982,0.004421195086404331,0.009000000000000008,-0.00019999999999997797,0.4900000000000091,95.97999999999999,0.9798,0.42496,0.5550225220655075,0.0060991802727905975,0.00036469165057621914,95.58,96.079765,0.49976531982422046,95.32190013189263,Healthy,Normal stable operation,MAINTENANCE REQUIRED
1,0,229.4,0.4255,94.73,0.97,97.6097,1.0303990288187481,0.004491713290404307,0.0,0.00040000000000001146,-0.28999999999999204,95.342,0.9728,0.4253,0.4899693867989999,0.003898717737923228,0.00023452078799200785,96.24,96.28849,0.048490295410161366,97.75412607642704,Healthy,Normal stable operation,MAINTENANCE REQUIRED
2,0,240.5,0.3873,58.97,0.633,93.14564999999999,1.5795429879599796,0.006567746311683907,-0.006000000000000005,-0.00030000000000002247,-0.5900000000000034,59.462,0.6364,0.38858000000000004,0.4252881376196346,0.0029664793948262482,0.0012657013865766255,58.89,59.59181,0.7018083190917963,95.76593231672379,Healthy,Normal stable operation,MAINTENANCE REQUIRED
1,0,232.2,0.4252,98.5,0.998,98.73144,1.0023496446700508,0.004316751269035533,0.016000000000000014,-0.00039999999999995595,1.9000000000000057,97.056,0.9875999999999999,0.42516,0.957982254532875,0.007127411872481641,0.00029664793948373677,98.08,96.99495,1.0850506591796858,91.34143207100306,Healthy,Normal stable operation,MAINTENANCE REQUIRED
0,1,228.9,0.0414,7.08,0.747,9.47646,1.3384830508474574,0.005847457627118644,-0.04600000000000004,0.0001999999999999988,-0.5,7.3260000000000005,0.7689999999999999,0.0413,0.18942016788080462,0.016926310879809777,0.00015811388300790492,7.49,7.4597096,0.03029035568237326,93.09447314975178,Healthy,Possible power factor degradation,MAINTENANCE REQUIRED
0,0,230.1,0.0402,8.18,0.884,9.25002,1.1308092909535452,0.0049144254278728604,-0.0050000000000000044,0.0,0.0,8.216000000000001,0.8882,0.0402,0.08324662155308084,0.008700574693664259,0.0,8.28,8.193652,0.08634784698486264,98.80325795609896,Healthy,Normal stable operation,MAINTENANCE REQUIRED
0,2,232.4,0.0434,8.41,0.834,10.086160000000001,1.199305588585018,0.005160523186682521,0.02199999999999991,0.0004000000000000045,0.370000000000001,8.058,0.8151999999999999,0.04274,0.28217016142746565,0.014463747785411952,0.0007797435475846969,7.81,7.99435,0.18434995651245156,95.43784365492712,Healthy,Possible power factor degradation,MAINTENANCE REQUIRED
0,0,233.1,0.0402,7.33,0.781,9.370619999999999,1.2783929058663026,0.00548431105047749,0.017000000000000015,0.0,0.25,7.0840000000000005,0.7644,0.040139999999999995,0.20767763480931245,0.014638989036131015,8.944271909876339e-05,6.91,6.965504,0.055504169464111186,96.7908707121353,Healthy,Normal stable operation,MAINTENANCE REQUIRED
2,0,222.4,0.3711,52.44,0.635,82.53264,1.5738489702517162,0.0070766590389016015,-0.0010000000000000009,-0.00030000000000002247,-0.21000000000000085,52.434000000000005,0.6354,0.3707,0.3198906062999296,0.0023021728866279264,0.0010271319291956346,52.59,52.53924,0.050758209228519036,98.35021969096218,Healthy,Normal stable operation,MAINTENANCE REQUIRED
0,0,226.9,0.0403,6.7,0.733,9.144070000000001,1.3647865671641792,0.006014925373134329,-0.039000000000000035,0.00010000000000000286,-0.5300000000000002,6.898000000000001,0.7454,0.04022,0.25587106127892817,0.023765521244018557,4.4721359549388446e-05,7.03,7.1008716,0.07087156295776342,93.66164923347168,Healthy,Possible power factor degradation,MAINTENANCE REQUIRED
2,0,222.7,0.3711,52.58,0.636,82.64397,1.5717757702548498,0.007057816660327121,-0.0040000000000000036,0.0,-0.3299999999999983,52.482000000000006,0.6364000000000001,0.37056,0.28734996084728637,0.0023021728866288215,0.0005504543577564275,52.51,53.17038,0.660379638671877,96.76740381325075,Healthy,Normal stable operation,MAINTENANCE REQUIRED
1,0,230.1,0.425,96.11,0.983,97.79249999999999,1.0175059827281239,0.004422016439496411,0.0010000000000000009,9.999999999998899e-05,0.269999999999996,91.184,0.9146000000000001,0.43246,4.425339534996152,0.06216349411029074,0.0068668042057423205,97.02,96.41653,0.6034732055664023,80.04182546963008,Mild Risk,High power fluctuation detected,MAINTENANCE REQUIRED
1,0,211.3,0.3858,78.33,0.961,81.51954,1.0407192646495596,0.004925315970892378,-0.007000000000000006,-0.039500000000000035,-17.129999999999995,91.66999999999999,0.9694,0.41742,7.658550776746265,0.017052858997833754,0.01767645326415921,94.42,95.331955,0.9119549560546858,55.713013683601595,Moderate Risk,High power fluctuation detected | Current instability increasing,MAINTENANCE REQUIRED
0,3,231.6,0.0462,9.05,0.847,10.699919999999999,1.1823116022099445,0.005104972375690607,0.01100000000000001,0.0006999999999999992,0.3100000000000005,8.486,0.8305999999999999,0.0443,0.41367861922028865,0.015126136320951746,0.0014439529078193699,8.92,8.742323,0.17767707824707024,96.26912493909961,Healthy,Normal stable operation,MAINTENANCE REQUIRED
0,0,238.9,0.0402,8.54,0.888,9.60378,1.1245644028103046,0.004707259953161593,-0.02200000000000002,-0.00010000000000000286,0.049999999999998934,8.32,0.892,0.040279999999999996,0.20724381776062975,0.015540270267921083,4.472135954936495e-05,8.1,8.176957,0.07695713043212926,96.0674829303836,Healthy,Possible power factor degradation,MAINTENANCE REQUIRED
0,1,229.8,0.0411,7.22,0.762,9.44478,1.3081412742382272,0.005692520775623268,0.0030000000000000027,0.0010000000000000009,0.16000000000000014,7.154000000000001,0.7668,0.04034,0.10876580344938713,0.008927485648264266,0.0004393176527295415,7.41,7.3171773,0.09282270431518569,98.70496105938773,Healthy,Current instability increasing,MAINTENANCE REQUIRED
2,0,241.2,0.3777,57.86,0.635,91.10123999999999,1.5745115796750777,0.006527825786380919,0.0030000000000000027,-0.0019000000000000128,0.8200000000000003,58.516,0.6382000000000001,0.38138,1.209909087493629,0.00791833315792743,0.0034098387058611544,58.4,58.42286,0.02285919189453267,94.06785848166176,Healthy,Current instability increasing,MAINTENANCE REQUIRED
1,0,230.6,0.425,96.76,0.988,98.005,1.0128668871434476,0.004392310872261265,-0.0040000000000000036,-0.0005000000000000004,-0.8399999999999892,97.05999999999999,0.9885999999999999,0.42514,0.6586729082024635,0.004098780306382776,0.00033615472627937537,96.22,97.070366,0.8503659057617199,94.66699245790315,Healthy,Normal stable operation,MAINTENANCE REQUIRED
2,2,223.1,0.3998,58.62,0.657,89.19538,1.5215861480723303,0.006820197884680996,0.010000000000000009,0.01689999999999997,3.3999999999999986,56.45,0.6526,0.38714,1.3502962637880447,0.004827007354459744,0.007128674491095421,59.88,59.467896,0.41210449218750256,88.10617793857617,Healthy,Current instability increasing,MAINTENANCE REQUIRED
1,2,231.4,0.4311,92.54,0.929,99.75654,1.0779829263021397,0.004658526042792306,0.0030000000000000027,0.0008999999999999564,0.7800000000000011,93.746,0.9482000000000002,0.42862,1.5892702727981025,0.019601020381603895,0.0019201562436431444,90.88,90.60861,0.27138793945312045,92.15684423422798,Healthy,Moderate load instability observed | Current instability increasing,MAINTENANCE REQUIRED
1,2,231.6,0.4314,92.88,0.93,99.91224,1.0757131782945737,0.004644702842377261,0.008000000000000007,0.0009000000000000119,1.3999999999999915,93.89200000000001,0.9484,0.42869999999999997,1.7445687146111504,0.02114946807841908,0.0021035683967964374,90.96,90.70544,0.254563293457025,90.89686290961441,Healthy,Moderate load instability observed | Current instability increasing,MAINTENANCE REQUIRED
0,0,230.2,0.0402,6.69,0.722,9.25404,1.3832645739910312,0.006008968609865471,-0.04700000000000004,0.0,-0.4499999999999993,6.959999999999999,0.7516,0.04022,0.182893411581732,0.01870294094520701,4.4721359549388446e-05,7.2,7.063764,0.1362359046936037,92.79579986615975,Healthy,Possible power factor degradation,MAINTENANCE REQUIRED
1,0,232.2,0.4252,98.5,0.998,98.73144,1.0023496446700508,0.004316751269035533,0.015000000000000013,0.00030000000000002247,2.1599999999999966,97.1,0.9888,0.42508,0.9361356739272848,0.0063796551630853375,0.0002774887385107624,98.08,97.03636,1.0436383056640608,91.68160270907575,Healthy,Normal stable operation,MAINTENANCE REQUIRED
2,1,223.9,0.385,56.58,0.656,86.20150000000001,1.523533050547897,0.0068045245669848,0.0030000000000000027,0.0007000000000000339,0.46999999999999886,55.238,0.648,0.38117999999999996,1.8194010003295067,0.0085146931829634,0.006403280409290202,57.02,56.42121,0.5987887573242219,90.495576431996,Healthy,Moderate load instability observed,MAINTENANCE REQUIRED
2,0,223.0,0.3706,52.63,0.637,82.6438,1.5702793083792512,0.007041611248337449,-0.0050000000000000044,0.0006999999999999784,-0.529999999999994,52.54,0.637,0.36985999999999997,0.5425403210818985,0.0038078865529280535,0.000541294744099235,52.02,52.23349,0.21348999023437187,96.43322117610774,Healthy,Normal stable operation,MAINTENANCE REQUIRED
2,2,223.0,0.404,59.55,0.66,90.092,1.512879932829555,0.0067842149454240145,-0.010000000000000009,-0.0033999999999999586,-1.5300000000000011,60.234,0.6646000000000001,0.40532,0.9432550026370408,0.005813776741500047,0.0018102486017099763,64.21,63.034252,1.1757478332519469,91.26300812782874,Healthy,Current instability increasing,MAINTENANCE REQUIRED
1,0,230.0,0.4252,95.89,0.98,97.796,1.019876942329753,0.004434247575346752,-0.018000000000000016,-0.00019999999999997797,-2.239999999999995,96.92,0.9880000000000001,0.42518,0.9358151526876911,0.007348469228348978,0.00028635642126541576,97.11,95.645325,1.4646752929687494,90.34964330291109,Healthy,Normal stable operation,MAINTENANCE REQUIRED
2,0,222.8,0.3696,51.98,0.631,82.34688,1.5842031550596385,0.007110427087341285,-0.0040000000000000036,-0.00040000000000001146,-0.23000000000000398,52.40599999999999,0.635,0.37016,0.3645956664566012,0.002738612787512081,0.0005176871641960825,53.36,53.016426,0.3435739135742182,97.07735197100945,Healthy,Normal stable operation,MAINTENANCE REQUIRED
0,0,228.0,0.04,6.77,0.743,9.120000000000001,1.3471196454948304,0.005908419497784343,0.0010000000000000009,0.0,-0.09000000000000075,7.014,0.76,0.04,0.21372880011829226,0.01959591794226281,0.0,7.16,7.1008716,0.05912843704223647,98.84432683697615,Healthy,Normal stable operation,MAINTENANCE REQUIRED
0,0,230.2,0.0401,6.74,0.729,9.23102,1.3695875370919879,0.005949554896142433,-0.040000000000000036,-0.00010000000000000286,-0.41000000000000014,7.042,0.7594000000000001,0.0402,0.22620786900547316,0.01957804893241423,7.071067811858035e-05,7.29,7.076286,0.2137141609191895,93.32702143531179,Healthy,Possible power factor degradation,MAINTENANCE REQUIRED
1,0,231.1,0.425,97.18,0.99,98.2175,1.0106760650339575,0.004373327845235645,0.0020000000000000018,0.00019999999999997797,0.07000000000000739,96.906,0.9875999999999999,0.42504,0.882853328701823,0.007127411872481641,0.00026076809620812435,96.6,96.48357,0.11643371582030682,95.74971706455831,Healthy,Normal stable operation,MAINTENANCE REQUIRED
1,0,231.7,0.4249,96.95,0.985,98.44932999999999,1.0154649819494583,0.004382671480144405,0.0010000000000000009,0.00019999999999997797,0.769999999999996,97.45599999999999,0.9904,0.42498,1.377254515331091,0.00879204185613277,0.0002588435821109216,99.62,97.85876,1.7612429809570358,90.04934184259855,Healthy,Normal stable operation,MAINTENANCE REQUIRED
0,0,230.9,0.0402,7.11,0.767,9.28218,1.3055105485232068,0.005654008438818565,0.013000000000000012,0.0,0.14000000000000057,7.062,0.7644,0.0402,0.0952365476064971,0.011414902540096528,0.0,6.65,7.0594,0.40940008163452113,96.96883819922061,Healthy,Normal stable operation,MAINTENANCE REQUIRED
0,0,233.1,0.0402,7.33,0.781,9.370619999999999,1.2783929058663026,0.00548431105047749,0.017000000000000015,0.0,0.25,7.0840000000000005,0.7644,0.040139999999999995,0.2076776348093298,0.014638989036132524,8.944271909993809e-05,6.91,6.965504,0.055504169464111186,96.79087071213523,Healthy,Normal stable operation,MAINTENANCE REQUIRED
0,0,233.0,0.0403,7.07,0.753,9.3899,1.3281329561527582,0.005700141442715701,0.031000000000000028,0.00010000000000000286,0.41999999999999993,6.984,0.754,0.04022,0.1959081417399624,0.019962464777674636,4.4721359549388446e-05,6.98,6.944947,0.03505323410034222,95.03687407123954,Healthy,Possible power factor degradation,MAINTENANCE REQUIRED
2,0,222.3,0.369,51.94,0.633,82.0287,1.5792972660762419,0.0071043511744320375,-0.008000000000000007,-0.00019999999999997797,-0.9500000000000028,52.39200000000001,0.636,0.36906,0.4465086785258842,0.003741657386764351,0.0003974921382540116,52.82,52.44344,0.37656051635742216,96.1866177276656,Healthy,Normal stable operation,MAINTENANCE REQUIRED
0,0,228.5,0.0403,7.02,0.763,9.20855,1.3117592592592595,0.005740740740740742,0.010000000000000009,0.0,0.11999999999999922,7.0280000000000005,0.7588,0.040260000000000004,0.18686893802878163,0.015658863304847614,5.477225575001221e-05,6.98,7.0836396,0.10363962173461871,97.68011065250963,Healthy,Normal stable operation,MAINTENANCE REQUIRED
0,2,230.4,0.0433,8.32,0.835,9.97632,1.199076923076923,0.005204326923076923,0.04999999999999993,0.0003999999999999976,0.6000000000000005,8.016,0.8099999999999999,0.04292,0.24562166028263605,0.018920887928423637,0.0003033150177618674,8.11,8.326988,0.21698822021484432,91.86292853495425,Healthy,Possible power factor degradation,MAINTENANCE REQUIRED
2,0,239.7,0.3806,57.43,0.629,91.22981999999999,1.5885394393174297,0.006627198328399791,-0.010000000000000009,-0.0018000000000000238,-0.8900000000000006,58.686,0.6384,0.38217999999999996,0.8208714881148514,0.006107372593835593,0.0010686440005811108,59.54,59.165466,0.37453369140624915,93.99122978534231,Healthy,Current instability increasing,MAINTENANCE REQUIRED
0,0,231.1,0.0402,8.17,0.879,9.29022,1.1371138310893512,0.004920440636474908,-0.01200000000000001,0.0,-0.08000000000000007,8.244,0.892,0.0402,0.10761040841852625,0.01330413469565136,0.0,8.18,8.179645,0.00035541534423799703,97.98605911927801,Healthy,Normal stable operation,MAINTENANCE REQUIRED
2,0,242.3,0.3774,59.37,0.649,91.44402000000001,1.5402395149065187,0.006356745831227893,0.014000000000000012,-0.0005999999999999894,1.4799999999999969,58.08,0.6386,0.37742000000000003,1.0471389592598583,0.008792041856129614,0.0004266145801250606,57.36,57.201775,0.15822540283203068,93.30958917967405,Healthy,Normal stable operation,MAINTENANCE REQUIRED
1,2,230.1,0.4308,91.04,0.918,99.12708,1.088829964850615,0.004731985940246045,-0.020999999999999908,0.0010999999999999899,-2.1999999999999886,92.644,0.937,0.4293,1.399153315401637,0.01612451549659741,0.0015668439615999922,90.87,90.60185,0.26814758300781705,90.56015832504363,Healthy,Possible power factor degradation | Current instability increasing,MAINTENANCE REQUIRED
0,0,225.6,0.0403,7.15,0.787,9.09168,1.2715636363636362,0.005636363636363636,0.026000000000000023,0.0,0.08000000000000007,7.014,0.758,0.04024,0.2491585840383516,0.02811583183901742,5.477225574896357e-05,7.18,7.120747,0.05925291061401339,95.43570189186767,Healthy,Possible power factor degradation,MAINTENANCE REQUIRED
0,0,231.4,0.0402,6.95,0.748,9.30228,1.3384575539568344,0.0057841726618705035,-0.014000000000000012,0.0,-0.0699999999999994,6.978,0.7502000000000001,0.040240000000000005,0.26658957218917034,0.022895414388036297,5.4772255750017115e-05,7.23,6.9553905,0.2746095466613774,96.43436869872981,Healthy,Normal stable operation,MAINTENANCE REQUIRED
1,3,231.5,0.438,88.34,0.871,101.397,1.1478039393253339,0.0049581163685759565,0.009000000000000008,0.0010999999999999899,1.4200000000000017,87.91,0.8698,0.43706000000000006,0.7422263805606513,0.005069516742283895,0.0007231873892711804,95.84,93.91897,1.9210317993164097,91.06823110065633,Healthy,Current instability increasing,MAINTENANCE REQUIRED
0,0,229.8,0.0401,6.84,0.742,9.214979999999999,1.347219298245614,0.005862573099415205,0.007000000000000006,0.0,0.09999999999999964,8.078,0.7996,0.04364,1.2059933664825844,0.057669749435904,0.0032477684646538317,7.12,7.2000947,0.08009469985961903,93.88350868306883,Healthy,Normal stable operation,MAINTENANCE REQUIRED
1,3,231.2,0.4368,88.22,0.873,100.98816,1.1447309000226706,0.004951258218091136,0.0040000000000000036,0.0009000000000000119,1.1799999999999926,89.97800000000001,0.9012,0.43326000000000003,2.3345170806828466,0.028411265371330645,0.002870191631233214,87.36,88.19948,0.8394781494140631,87.62134109357885,Healthy,Moderate load instability observed | Current instability increasing,MAINTENANCE REQUIRED
1,2,230.6,0.4309,91.92,0.925,99.36554,1.0810002175805047,0.004687771975630983,-0.008000000000000007,-0.0005999999999999894,-1.2199999999999989,92.048,0.9260000000000002,0.4309,0.8511874059217543,0.005916079783107378,0.0004743416490258305,90.51,90.13741,0.37258697509766137,94.41609478218062,Healthy,Normal stable operation,MAINTENANCE REQUIRED
2,0,223.9,0.3689,53.36,0.646,82.59671,1.547914355322339,0.006913418290854573,0.015000000000000013,-0.0006999999999999784,1.3800000000000026,52.54,0.6368,0.36982,0.5637818727122589,0.005718391382192254,0.0006870225614733056,52.58,52.48624,0.09375961303710767,95.3151037389123,Healthy,Normal stable operation,MAINTENANCE REQUIRED
0,0,230.3,0.0402,6.95,0.751,9.25806,1.332094964028777,0.0057841726618705035,-0.025000000000000022,0.0,-0.20999999999999996,7.052,0.7636000000000001,0.04022,0.09311283477590582,0.009099450532856303,4.4721359549388446e-05,7.12,7.0940833,0.025916690826416122,96.29211647288483,Healthy,Possible power factor degradation,MAINTENANCE REQUIRED
0,0,233.2,0.0402,8.41,0.899,9.37464,1.1147015457788347,0.004780023781212841,0.027000000000000024,0.0,0.34999999999999964,7.882000000000001,0.8506,0.04012,0.5291691600991105,0.05378010784667518,0.00010954451150023437,8.44,7.9928493,0.44715065002441357,93.2499934159235,Healthy,Possible power factor degradation,MAINTENANCE REQUIRED
1,2,229.5,0.4318,90.51,0.912,99.0981,1.0948856479946967,0.004770743564247044,-0.013000000000000012,0.0009000000000000119,-1.4099999999999966,91.798,0.9232000000000001,0.43122,1.1031862943310256,0.008613942186949084,0.00042071367936001916,92.81,91.917496,0.8925042724609398,91.45097801683073,Healthy,Current instability increasing,MAINTENANCE REQUIRED
0,0,230.2,0.0402,8.21,0.886,9.25404,1.1271668696711326,0.00489646772228989,0.0040000000000000036,0.0,0.040000000000000924,8.124,0.8794000000000001,0.040240000000000005,0.07334848328358214,0.005983310120662384,5.4772255750011e-05,8.19,8.186814,0.0031856918334955964,99.16565399159599,Healthy,Normal stable operation,MAINTENANCE REQUIRED
2,0,240.8,0.3781,57.59,0.632,91.04648,1.580942524743879,0.006565375933321757,-0.0050000000000000044,0.00040000000000001146,0.23000000000000398,57.788,0.6365999999999999,0.37771999999999994,0.9816924161873624,0.007436396977026507,0.000327108544638289,58.89,58.647556,0.24244369506835994,94.61034554779441,Healthy,Normal stable operation,MAINTENANCE REQUIRED
2,2,224.1,0.4074,61.08,0.67,91.29834,1.4947337917485266,0.006669941060903733,0.006000000000000005,0.0022999999999999687,0.9899999999999949,60.42999999999999,0.666,0.40548,0.8640891157745594,0.0052440442408520326,0.0016961721610717101,59.55,60.974045,1.4240447998046903,91.80660746654203,Healthy,Current instability increasing,MAINTENANCE REQUIRED
0,0,232.0,0.04,7.2,0.775,9.28,1.2888888888888888,0.005555555555555556,0.010000000000000009,0.0,0.1900000000000004,7.056,0.7626000000000001,0.04004,0.20255863348671235,0.02198408515267137,5.477225575003903e-05,6.73,6.965504,0.2355041694641109,97.31232679494184,Healthy,Normal stable operation,MAINTENANCE REQUIRED
0,0,228.1,0.0403,6.82,0.743,9.19243,1.3478636363636363,0.005909090909090909,-0.014000000000000012,0.0,-0.1999999999999993,6.894,0.7460000000000001,0.0403,0.13145341380125772,0.012649110640669592,0.0,6.91,7.063764,0.15376409530639634,97.27404990626789,Healthy,Normal stable operation,MAINTENANCE REQUIRED
2,0,237.9,0.3796,57.04,0.632,90.30684,1.583219495091164,0.0066549789621318375,-0.017000000000000015,-0.00040000000000001146,-2.5,58.815999999999995,0.6394,0.3831399999999999,1.1924260983388775,0.007765307463322758,0.0033049962178478996,57.86,58.282734,0.4227339172363287,91.754428571242,Healthy,Normal stable operation,MAINTENANCE REQUIRED
0,0,230.2,0.0402,8.36,0.903,9.25404,1.1069425837320575,0.004808612440191388,0.020000000000000018,0.0,0.20999999999999908,8.234,0.8896000000000001,0.0402,0.08763560920083666,0.00853229160308252,0.0,8.21,8.183209,0.02679058074951257,96.9650837353086,Healthy,Possible power factor degradation,MAINTENANCE REQUIRED
0,0,233.4,0.04,7.37,0.789,9.336,1.2667571234735413,0.00542740841248304,0.014000000000000012,0.0,0.15000000000000036,7.058,0.7642,0.04,0.2525272262549228,0.023360222601676906,0.0,7.03,6.965504,0.06449583053588892,96.97487143019391,Healthy,Normal stable operation,MAINTENANCE REQUIRED
2,0,221.9,0.3695,51.82,0.632,81.99205,1.5822472018525666,0.007130451563103049,-0.007000000000000006,-0.0005999999999999894,-1.0899999999999963,52.465999999999994,0.636,0.36982,0.4901836390577433,0.002738612787525663,0.0005069516742167521,53.16,52.885723,0.2742768859863247,96.27464958672938,Healthy,Normal stable operation,MAINTENANCE REQUIRED
2,1,223.7,0.3848,56.33,0.654,86.07976,1.5281334990236108,0.006831173442215515,0.0030000000000000027,0.0007999999999999674,0.5899999999999963,56.35600000000001,0.6544000000000001,0.3847,0.4826282213049885,0.002701851217222486,0.0005567764362831163,58.84,56.240932,2.599067535400394,91.44748009605684,Healthy,Unexpected appliance behavior predicted,MAINTENANCE REQUIRED
2,1,223.6,0.3846,56.21,0.654,85.99656,1.5299156733677282,0.006842198896993418,0.0040000000000000036,0.0006999999999999784,0.6000000000000014,56.242,0.654,0.38452,0.4930212977143609,0.0029154759474243107,0.0005263078946724183,56.72,56.33166,0.3883387756347645,96.36869150891248,Healthy,Normal stable operation,MAINTENANCE REQUIRED
2,0,222.8,0.3697,52.52,0.638,82.36916,1.5683389185072352,0.007039223153084538,0.0020000000000000018,-0.0012000000000000344,0.10000000000000142,52.53399999999999,0.637,0.37092,0.26302091171414976,0.0022360679774843834,0.0007661592523575183,52.32,52.418682,0.09868209838867159,98.13227811688166,Healthy,Current instability increasing,MAINTENANCE REQUIRED
0,0,229.7,0.04,6.73,0.733,9.188,1.3652303120356613,0.005943536404160475,-0.02100000000000002,0.0,-0.17999999999999972,7.034000000000001,0.7644,0.03998,0.23543576618688158,0.02407903652557353,4.4721359549414893e-05,6.71,7.063764,0.3537640953063965,95.46942789153904,Healthy,Possible power factor degradation,MAINTENANCE REQUIRED
0,2,230.6,0.0435,8.37,0.834,10.031099999999999,1.1984587813620071,0.005197132616487455,0.0040000000000000036,0.0002999999999999947,0.08999999999999986,8.182,0.8210000000000001,0.0432,0.25272514714605976,0.017146428199481683,0.00025495097567949774,7.99,8.341842,0.3518416976928709,97.54783651229604,Healthy,Normal stable operation,MAINTENANCE REQUIRED
1,1,230.2,0.4268,94.92,0.965,98.24936,1.0350754319426885,0.004496418036241045,-0.02100000000000002,0.0015000000000000013,-1.8100000000000023,96.218,0.9818000000000001,0.42540000000000006,1.2280757305637224,0.011819475453672056,0.0008154753215167116,95.44,95.36583,0.07417053222656023,91.62195434925368,Healthy,Possible power factor degradation | Current instability increasing,MAINTENANCE REQUIRED
0,0,231.3,0.0403,7.11,0.763,9.321390000000001,1.3110253164556962,0.005668073136427567,0.006000000000000005,0.00010000000000000286,0.1299999999999999,7.034000000000001,0.7605999999999999,0.040279999999999996,0.10334408546213299,0.005549774770195873,4.472135954937244e-05,7.08,7.1502004,0.07020036697387688,98.60240172351375,Healthy,Normal stable operation,MAINTENANCE REQUIRED
2,0,223.9,0.3693,52.67,0.637,82.68627000000001,1.5698931080311374,0.007011581545471806,-0.0040000000000000036,-0.00039999999999995595,-0.3399999999999963,52.66600000000001,0.638,0.36932,0.42406367446287035,0.00331662479034554,0.00025884358206003903,52.49,52.531483,0.041482696533201135,97.52278158930955,Healthy,Normal stable operation,MAINTENANCE REQUIRED
1,1,232.0,0.4274,96.12,0.971,99.1568,1.0315938410320433,0.0044465251768622555,0.01200000000000001,0.0005999999999999894,1.9399999999999977,95.58800000000001,0.97,0.42676,1.023777319537787,0.009539392014170372,0.0007436396977035729,95.44,93.97134,1.468663635253904,90.66173913270885,Healthy,Normal stable operation,MAINTENANCE REQUIRED
1,0,229.2,0.4251,94.2,0.967,97.43292,1.0343197452229298,0.0045127388535031844,-0.016000000000000014,-0.00040000000000001146,-1.9599999999999937,95.896,0.9790000000000001,0.42512,0.9840884106623731,0.006964194138591778,0.00028635642126649823,93.84,94.22788,0.38788238525390284,92.83197448451885,Healthy,Normal stable operation,MAINTENANCE REQUIRED
1,1,230.2,0.4267,94.76,0.963,98.22634000000001,1.036580202617138,0.00450295483326298,-0.007000000000000006,-0.0005999999999999894,-1.2199999999999989,95.332,0.9656,0.4272,0.762312271972568,0.005727128425312992,0.000353553390594216,91.48,94.80351,3.3235125732421835,88.14745400347493,Healthy,Unexpected appliance behavior predicted,MAINTENANCE REQUIRED
1,0,232.0,0.4247,98.12,0.997,98.5304,1.0041826335099877,0.004328373420301671,0.019000000000000017,-0.0005999999999999894,2.8400000000000034,96.60999999999999,0.9862,0.425,1.0577334257739928,0.007049822692801906,0.000254950975685379,97.46,96.90426,0.55574127197265,91.70147317190373,Healthy,Normal stable operation,MAINTENANCE REQUIRED
2,0,221.9,0.3676,51.72,0.634,81.57044,1.57715467904099,0.007107501933488012,0.0020000000000000018,-0.0013000000000000234,0.01999999999999602,52.279999999999994,0.6378,0.36844,0.6669707639761434,0.005932958789671286,0.000531977443106331,52.67,52.1306,0.5394000244140642,95.41615886009048,Healthy,Current instability increasing,MAINTENANCE REQUIRED
0,0,230.9,0.04,6.94,0.752,9.236,1.330835734870317,0.005763688760806916,-0.01100000000000001,0.0,-0.040000000000000036,6.95,0.7514000000000001,0.04014,0.18096961070855316,0.017643695757972616,0.00013416407864979041,7.16,7.069844,0.09015623092651381,97.60515968957976,Healthy,Normal stable operation,MAINTENANCE REQUIRED
0,0,234.0,0.0401,8.49,0.905,9.3834,1.1052296819787986,0.004723203769140164,0.03500000000000003,-0.00010000000000000286,0.47000000000000064,8.202000000000002,0.8836,0.0402,0.17383900597967708,0.013049904214208801,7.071067811826988e-05,8.02,8.2953205,0.27532051086425824,94.05585479069106,Healthy,Possible power factor degradation,MAINTENANCE REQUIRED
0,2,231.6,0.043,8.11,0.816,9.958799999999998,1.2279654747225646,0.0053020961775585695,-0.019000000000000017,-0.00030000000000000165,-0.21000000000000085,8.07,0.8130000000000001,0.04302,0.22616365755796924,0.018316659084013396,0.00019235384061641253,8.66,8.077219,0.5827809906005861,95.1721302686388,Healthy,Normal stable operation,MAINTENANCE REQUIRED
0,0,229.3,0.0402,8.23,0.893,9.21786,1.1200315917375454,0.0048845686512758195,0.03200000000000003,0.0,0.2400000000000002,8.102,0.8757999999999999,0.0402,0.23826455884164122,0.026138094804327657,0.0,8.01,8.183209,0.1732094192504885,94.43703759155974,Healthy,Possible power factor degradation,MAINTENANCE REQUIRED
2,3,223.2,0.4261,63.84,0.671,95.10551999999998,1.4897481203007517,0.006674498746867167,0.0050000000000000044,0.020399999999999974,3.4000000000000057,60.958000000000006,0.6658000000000002,0.40915999999999997,1.7247666508835349,0.004438468204234363,0.009541907566100015,65.22,64.46802,0.7519824218749989,85.5867240944204,Healthy,Moderate load instability observed | Current instability increasing,MAINTENANCE REQUIRED
0,0,229.6,0.0402,7.08,0.767,9.22992,1.3036610169491525,0.005677966101694915,0.0040000000000000036,-0.00010000000000000286,-0.03000000000000025,7.018000000000001,0.7605999999999999,0.040260000000000004,0.08318653737236978,0.005549774770195873,5.477225575001221e-05,6.96,7.0997667,0.13976673126220707,98.78759801592915,Healthy,Normal stable operation,MAINTENANCE REQUIRED
0,0,231.4,0.0401,7.18,0.775,9.27914,1.292359331476323,0.005584958217270195,0.039000000000000035,0.0,0.3799999999999999,7.042,0.7578,0.0401,0.2270902904133182,0.020437710243564434,0.0,6.72,6.944947,0.22494676589965845,93.45182683657347,Healthy,Possible power factor degradation,MAINTENANCE REQUIRED
0,0,229.2,0.0402,7.16,0.776,9.21384,1.286849162011173,0.0056145251396648044,0.015000000000000013,0.0,0.20000000000000018,7.058,0.7647999999999999,0.04022,0.0855569985448566,0.007224956747268581,4.4721359549388446e-05,6.95,7.0809875,0.13098745346069318,97.3868967382575,Healthy,Normal stable operation,MAINTENANCE REQUIRED
2,0,222.9,0.3701,52.48,0.636,82.49529,1.5719376905487805,0.007052210365853659,-0.0010000000000000009,-0.00020000000000003348,-0.030000000000001137,52.58200000000001,0.6380000000000001,0.36961999999999995,0.4958023799851555,0.005522680508587748,0.0005890670589783606,52.68,52.654926,0.02507369995117159,97.70074592149389,Healthy,Normal stable operation,MAINTENANCE REQUIRED
0,0,231.5,0.04,6.91,0.745,9.26,1.3400868306801736,0.005788712011577424,0.03600000000000003,-9.999999999999593e-05,0.35000000000000053,6.895999999999999,0.7458,0.04004,0.22131425620597697,0.02391024884855644,5.477225575004226e-05,6.88,6.944947,0.06494676589965831,94.21038046319754,Healthy,Possible power factor degradation,MAINTENANCE REQUIRED
0,0,230.8,0.04,7.17,0.777,9.232000000000001,1.287587168758717,0.005578800557880056,0.017000000000000015,-0.0001999999999999988,0.13999999999999968,7.0760000000000005,0.7622,0.040159999999999994,0.20923670806048827,0.01976613265158263,0.00011401754250895938,7.06,7.069631,0.009631099700928125,96.8419885812105,Healthy,Normal stable operation,MAINTENANCE REQUIRED
0,0,231.4,0.04,7.28,0.787,9.256,1.2714285714285714,0.005494505494505494,0.03200000000000003,0.0,0.2999999999999998,7.048,0.7615999999999999,0.04002,0.2675256997000567,0.025055937420098616,4.4721359549410076e-05,7.18,6.965504,0.2144958305358884,94.22053843178917,Healthy,Possible power factor degradation,MAINTENANCE REQUIRED
2,0,241.1,0.3821,59.47,0.646,92.12431,1.5490887842609717,0.006425088279804944,0.006000000000000005,-9.999999999998899e-05,0.269999999999996,58.84400000000001,0.6378,0.38286,0.5525667380506278,0.005761944116349286,0.0006730527468025422,58.32,58.85942,0.5394207763671872,95.65627179419866,Healthy,Normal stable operation,MAINTENANCE REQUIRED
2,0,241.2,0.3762,57.76,0.637,90.73943999999999,1.5709736842105262,0.006513157894736842,0.009000000000000008,0.0007999999999999674,1.3099999999999952,57.715999999999994,0.6368,0.37657999999999997,0.8702183634006841,0.006906518659927791,0.0012091319200050192,59.14,58.71784,0.42216171264648494,94.0451107827009,Healthy,Normal stable operation,MAINTENANCE REQUIRED
1,0,231.4,0.4249,95.57,0.972,98.32186,1.0287941822747726,0.004445955843884065,-0.010000000000000009,-0.0006999999999999784,-1.0100000000000051,96.10999999999999,0.9806000000000001,0.42512,0.6469544033392625,0.006542170893517934,0.0003962322551238892,96.06,96.239456,0.17945617675781023,95.42451186148756,Healthy,Normal stable operation,MAINTENANCE REQUIRED
2,1,223.9,0.3842,56.04,0.652,86.02238,1.5350174875089222,0.0068558172733761595,0.0010000000000000009,0.0010999999999999899,0.38000000000000256,54.867999999999995,0.6464000000000001,0.38038,1.4875046218413959,0.00531977443130401,0.0054627831734372365,55.91,56.461548,0.5515478515625034,92.15102844875217,Healthy,Current instability increasing,MAINTENANCE REQUIRED
0,0,232.9,0.0402,8.41,0.897,9.36258,1.1132675386444708,0.004780023781212841,0.03500000000000003,0.0,0.5099999999999998,8.216,0.8852,0.0402,0.22722235805483945,0.017020575783446044,0.0,7.92,8.029224,0.1092243957519532,94.23846684305573,Healthy,Possible power factor degradation,MAINTENANCE REQUIRED
0,3,229.9,0.0455,8.74,0.836,10.46045,1.1968478260869564,0.005205949656750572,0.029999999999999916,0.0023999999999999994,0.75,8.238,0.8202,0.04364,0.3591239340394941,0.01852565788305534,0.0010620734437881362,9.05,8.906186,0.14381389617919993,93.69085314932799,Healthy,Possible power factor degradation | Current instability increasing,MAINTENANCE REQUIRED
1,1,229.4,0.4265,93.98,0.957,97.8391,1.0410629921259842,0.004538199616939774,-0.01100000000000001,-0.0007000000000000339,-1.4599999999999937,95.804,0.9746,0.42610000000000003,1.557539726620047,0.016410362579784014,0.001055935604098326,96.08,95.824585,0.2554150390624983,91.32969704172143,Healthy,Moderate load instability observed,MAINTENANCE REQUIRED
1,0,231.0,0.4254,95.91,0.976,98.2674,1.0245792930872692,0.004435408195182984,-0.0020000000000000018,-9.999999999998899e-05,0.1700000000000017,96.34,0.9806000000000001,0.42518,2.097260117391262,0.012157302332343075,0.0003962322551238581,95.31,95.7149,0.4048971557617165,90.05709133343919,Healthy,Moderate load instability observed,MAINTENANCE REQUIRED
1,0,230.2,0.4248,96.4,0.986,97.78896,1.0144082987551868,0.004406639004149377,0.0050000000000000044,-0.00029999999999996696,0.4000000000000057,96.136,0.9810000000000001,0.42488000000000004,0.4053146925538953,0.003937003937004972,0.00020493901532092992,96.48,96.46387,0.01613281250000398,97.55234447637716,Healthy,Normal stable operation,MAINTENANCE REQUIRED
0,0,226.2,0.0403,8.03,0.881,9.11586,1.135225404732254,0.005018679950186801,-0.008000000000000007,0.0,-0.19000000000000128,8.172,0.8783999999999998,0.04024,0.22576536492562735,0.011216059914248866,5.4772255750011e-05,8.07,8.204095,0.13409488677978487,97.70922108217344,Healthy,Normal stable operation,MAINTENANCE REQUIRED
0,0,228.8,0.04,6.98,0.763,9.152000000000001,1.3111747851002866,0.0057306590257879654,0.010000000000000009,-0.00030000000000000165,-0.08999999999999986,6.956,0.7518,0.04018,0.1810524785801211,0.01768332547910331,0.00010954451150078856,6.94,7.133269,0.1932688331604,97.4272954017359,Healthy,Normal stable operation,MAINTENANCE REQUIRED
0,1,230.7,0.0416,7.49,0.781,9.597119999999999,1.2813244325767688,0.005554072096128171,0.03400000000000003,0.0001999999999999988,0.41000000000000014,7.38,0.7727999999999999,0.041400000000000006,0.1901315334183103,0.01709385854627342,0.00015811388300831467,7.63,7.582231,0.047768955230712784,94.61663620487414,Healthy,Possible power factor degradation,MAINTENANCE REQUIRED
2,0,224.1,0.3694,52.82,0.638,82.78254,1.5672574782279438,0.0069935630443014015,0.0050000000000000044,0.00040000000000001146,0.8800000000000026,52.398,0.6357999999999999,0.36902,0.45334313714771507,0.003563705936230926,0.000334664010574431,53.01,52.22609,0.7839105224609355,95.56745315830756,Healthy,Normal stable operation,MAINTENANCE REQUIRED
2,0,222.8,0.3703,52.28,0.634,82.50284,1.578095638867636,0.007083014537107881,-0.0050000000000000044,0.0001000000000000445,-0.5700000000000003,52.614,0.6366,0.37038000000000004,0.25145576151474547,0.002302172886628965,0.00047644516995549844,52.99,52.601635,0.3883650207519551,97.38652507308957,Healthy,Normal stable operation,MAINTENANCE REQUIRED
2,0,238.9,0.3762,57.27,0.637,89.87418,1.56930644316396,0.006568884232582503,-0.01100000000000001,0.0007999999999999674,-1.7099999999999937,57.674,0.6386000000000001,0.3757,0.9222147255383369,0.007231873892701379,0.000578791845117777,57.09,57.275036,0.18503585815429346,94.11174890603024,Healthy,Normal stable operation,MAINTENANCE REQUIRED
0,0,228.3,0.04,6.72,0.737,9.132000000000001,1.3589285714285717,0.005952380952380953,0.0040000000000000036,0.0,-0.1200000000000001,7.026000000000001,0.7596,0.03996,0.23511699215497886,0.02293032926060819,5.477225575004939e-05,7.11,7.090428,0.01957212448120149,98.45473466559254,Healthy,Normal stable operation,MAINTENANCE REQUIRED
2,1,223.6,0.3846,56.21,0.654,85.99656,1.5299156733677282,0.006842198896993418,0.0040000000000000036,0.0006999999999999784,0.6000000000000014,56.242,0.6540000000000001,0.38452000000000003,0.49302129771411,0.0029154759474211483,0.0005263078946707833,56.72,56.33166,0.3883387756347645,96.36869150891351,Healthy,Normal stable operation,MAINTENANCE REQUIRED
2,0,221.4,0.3683,53.13,0.652,81.54162000000001,1.5347566346696782,0.006932053453792584,-0.0010000000000000009,-0.0005999999999999894,-0.18999999999999773,52.660000000000004,0.6484,0.3691,0.8425259639909896,0.007021395872614043,0.0005477225574812058,52.84,52.80299,0.037010040283206536,96.13495543590955,Healthy,Normal stable operation,MAINTENANCE REQUIRED
1,0,230.1,0.4254,96.02,0.981,97.88454,1.0194182461987087,0.004430327015205166,-0.01100000000000001,0.0005999999999999894,-1.5900000000000034,96.72999999999999,0.9870000000000001,0.42502000000000006,1.2648122390299414,0.008746427842266646,0.00028635642126652826,98.91,95.74235,3.1676522827148403,85.89167389271239,Healthy,Unexpected appliance behavior predicted,MAINTENANCE REQUIRED
0,0,229.1,0.0401,6.95,0.756,9.18691,1.3218575539568345,0.00576978417266187,-0.020000000000000018,-0.00010000000000000286,-0.29000000000000004,7.0600000000000005,0.7632,0.04012,0.17248188310657406,0.012755391017133194,8.366600265208514e-05,7.08,7.106605,0.026605052947997976,96.58854302466479,Healthy,Possible power factor degradation,MAINTENANCE REQUIRED
2,0,222.4,0.3708,52.43,0.636,82.46592000000001,1.5728765973679193,0.007072286858668702,-0.0010000000000000009,-0.0008999999999999564,-0.25,52.536,0.6372,0.37042,0.09710818708503492,0.0016431676724948346,0.0009203260291729225,52.87,52.610233,0.2597666931152318,98.65521714056736,Healthy,Current instability increasing,MAINTENANCE REQUIRED
2,3,223.0,0.4346,67.02,0.691,96.91579999999999,1.4460728140853476,0.006484631453297523,-0.007000000000000006,-0.0049000000000000155,-1.6400000000000006,67.16600000000001,0.6905999999999999,0.43532000000000004,1.1167273615346256,0.006580273550546103,0.0031188138771020353,52.44,67.69814,15.258143005371096,58.27212087981581,Moderate Risk,Current instability increasing | Unexpected appliance behavior predicted,MAINTENANCE REQUIRED
0,0,231.0,0.04,7.18,0.778,9.24,1.286908077994429,0.005571030640668524,0.017000000000000015,0.0,0.21999999999999975,6.898000000000001,0.7522,0.04,0.19175505208469612,0.018780308836648527,0.0,7.17,7.069631,0.1003689002990722,96.75423220514912,Healthy,Normal stable operation,MAINTENANCE REQUIRED
1,0,230.8,0.425,96.4,0.983,98.09,1.0175311203319501,0.004408713692946058,0.0010000000000000009,0.00019999999999997797,0.1600000000000108,95.53999999999999,0.975,0.42508,0.7431352501395884,0.006855654600401101,0.00025884358211200197,95.97,95.97283,0.002831726074219887,96.72228897527287,Healthy,Normal stable operation,MAINTENANCE REQUIRED
0,0,229.4,0.0401,6.88,0.746,9.19894,1.3370552325581395,0.005828488372093023,-0.11499999999999999,-0.006500000000000006,-2.4400000000000004,8.56,0.8235999999999999,0.04496,0.9827766785999783,0.046306587004442554,0.002736421020237942,7.11,7.166067,0.05606712341308562,79.23314669501401,Mild Risk,Possible power factor degradation | Current instability increasing,MAINTENANCE REQUIRED
2,0,240.3,0.3758,58.26,0.645,90.30474000000001,1.550029866117405,0.006450394782011672,0.0050000000000000044,-0.0007999999999999674,-0.23000000000000398,58.01800000000001,0.64,0.37616,0.810475169267883,0.007035623639730872,0.00057271284250918,56.59,55.444145,1.1458547973632847,93.15547125888826,Healthy,Normal stable operation,MAINTENANCE REQUIRED
1,0,231.7,0.4248,99.83,1.0,98.42616,0.9859376940799358,0.004255233897625965,0.03300000000000003,9.999999999998899e-05,5.679999999999993,97.10999999999999,0.9870000000000001,0.42502000000000006,2.1260761980700518,0.012922847983319649,0.00035637059362498544,95.74,96.27154,0.5315377807617239,85.60317602162029,Healthy,Moderate load instability observed | Possible power factor degradation,MAINTENANCE REQUIRED
0,0,227.6,0.0403,6.9,0.753,9.17228,1.3293159420289855,0.0058405797101449275,-0.014000000000000012,0.0,-0.2599999999999998,6.99,0.7544000000000001,0.040260000000000004,0.20712315177209117,0.01719883716999217,5.477225575001221e-05,7.02,7.0940833,0.07408330917358441,97.14186510005383,Healthy,Normal stable operation,MAINTENANCE REQUIRED
0,0,231.2,0.0401,7.18,0.773,9.271119999999998,1.291242339832869,0.005584958217270195,0.007000000000000006,-0.00010000000000000286,0.0699999999999994,7.890000000000001,0.7979999999999999,0.04262,1.1535163631262448,0.05108326536156422,0.0034098387058627807,6.82,7.0537076,0.2337075996398923,93.72575883591242,Healthy,Normal stable operation,MAINTENANCE REQUIRED
0,0,231.9,0.0399,7.11,0.768,9.25281,1.301379746835443,0.005611814345991561,0.02400000000000002,-0.0001999999999999988,0.25,7.054,0.7626,0.04002,0.13685759021699986,0.012401612798338074,8.366600265309513e-05,7.2,6.9503207,0.24967927932739276,95.67957343006785,Healthy,Possible power factor degradation,MAINTENANCE REQUIRED
1,2,229.9,0.431,90.96,0.917,99.0869,1.0893458663148639,0.00473834652594547,-0.013000000000000012,-0.00040000000000001146,-1.9200000000000017,93.212,0.9404000000000001,0.42938,2.1353969186078774,0.02439877046082621,0.0022061278294787765,93.36,91.227,2.133002624511718,84.42811580743357,Mild Risk,Moderate load instability observed | Unexpected appliance behavior predicted,MAINTENANCE REQUIRED
2,0,222.9,0.3698,52.71,0.639,82.42842,1.5638099032441661,0.0070157465376588886,0.0010000000000000009,0.0012000000000000344,-0.1599999999999966,52.422000000000004,0.6364,0.36916,0.3751932835205526,0.0031304951684883986,0.0009235799911072345,51.99,52.25218,0.2621781921386699,97.42077968286623,Healthy,Current instability increasing,MAINTENANCE REQUIRED
2,0,224.0,0.3705,52.98,0.638,82.992,1.5664779161947906,0.006993204983012458,0.0020000000000000018,0.0006999999999999784,0.5399999999999991,61.291999999999994,0.6688,0.40896,7.863747198378145,0.02925235033292212,0.035470452492179894,52.18,52.52692,0.3469203186035159,66.04529979910961,Moderate Risk,High power fluctuation detected,MAINTENANCE REQUIRED
0,0,231.4,0.0402,7.13,0.767,9.30228,1.3046676016830294,0.005638148667601683,0.027000000000000024,0.00010000000000000286,0.41000000000000014,6.9719999999999995,0.7554000000000001,0.04004,0.24159884105683171,0.022523321247096367,0.00011401754250968548,7.03,6.944947,0.08505323410034205,95.2537413472505,Healthy,Possible power factor degradation,MAINTENANCE REQUIRED
0,0,229.4,0.0402,6.98,0.757,9.22188,1.3211862464183382,0.005759312320916905,-0.006000000000000005,-0.00010000000000000286,-0.03999999999999915,6.9719999999999995,0.7550000000000001,0.040260000000000004,0.13461054936372827,0.012409673645986998,5.477225575001221e-05,7.11,7.106605,0.003394947052002273,98.62550299811761,Healthy,Normal stable operation,MAINTENANCE REQUIRED
0,0,229.3,0.0399,6.86,0.749,9.14907,1.3336836734693878,0.005816326530612244,0.0020000000000000018,0.0,0.0,6.928,0.7546,0.039939999999999996,0.15155856953667857,0.013520355024920784,5.4772255750044017e-05,7.2,7.131191,0.068809223175049,98.95045768207063,Healthy,Normal stable operation,MAINTENANCE REQUIRED
0,0,232.2,0.0402,7.28,0.778,9.334439999999999,1.2822032967032966,0.005521978021978022,0.03400000000000003,0.0001999999999999988,0.4800000000000004,7.064,0.763,0.04012,0.20169283576765937,0.015684387141358107,8.366600265340826e-05,6.97,6.965504,0.004495830535888423,94.66777680941144,Healthy,Possible power factor degradation,MAINTENANCE REQUIRED
2,0,242.6,0.3754,58.98,0.648,91.07204,1.5441173279077653,0.006364869447270262,-0.0010000000000000009,-0.0015999999999999903,-0.1600000000000037,59.012,0.6464000000000001,0.37728,0.15319921670713776,0.0024083189157493813,0.0012637246535495458,58.26,56.18581,2.07418991088867,94.09305442379082,Healthy,Current instability increasing | Unexpected appliance behavior predicted,MAINTENANCE REQUIRED
0,0,233.8,0.0402,8.02,0.852,9.398760000000001,1.171915211970075,0.005012468827930175,-0.05300000000000005,0.00010000000000000286,-0.47000000000000064,8.17,0.8772,0.0402,0.192613602842588,0.01920156243642738,7.071067811826988e-05,8.09,7.9286523,0.16134771347045884,91.89132026544328,Healthy,Possible power factor degradation,MAINTENANCE REQUIRED
2,1,224.5,0.3838,55.91,0.649,86.1631,1.5411035592917188,0.00686460382758004,-0.0030000000000000027,-0.00040000000000001146,-0.13000000000000256,55.588,0.6484,0.38298,0.44751536286431226,0.003361547262788444,0.0011713240371432222,55.31,56.60393,1.2939314270019509,94.68266466082075,Healthy,Normal stable operation,MAINTENANCE REQUIRED
1,2,230.6,0.4309,91.92,0.925,99.36554,1.0810002175805047,0.004687771975630983,-0.008000000000000007,-0.0005999999999999894,-1.2199999999999989,92.048,0.9260000000000002,0.4309,0.8511874059218003,0.005916079783110118,0.00047434164902648943,90.51,90.13741,0.37258697509766137,94.41609478218044,Healthy,Normal stable operation,MAINTENANCE REQUIRED
2,0,240.3,0.3908,60.68,0.646,93.90924,1.547614370468029,0.006440342781806196,0.0030000000000000027,-0.0013000000000000234,0.17999999999999972,61.052,0.6446,0.39346,0.6563307093227491,0.0027018512172122464,0.002358601280417028,60.52,60.133472,0.38652755737305,95.68067891408528,Healthy,Current instability increasing,MAINTENANCE REQUIRED
0,0,231.1,0.0403,8.09,0.87,9.31333,1.1512150803461063,0.004981458590852905,-0.027000000000000024,0.00010000000000000286,-0.2699999999999996,8.208,0.8865999999999999,0.04022,0.17725687574816726,0.015614096195426622,4.472135954937232e-05,7.99,8.195743,0.205742607116699,95.24470857733748,Healthy,Possible power factor degradation,MAINTENANCE REQUIRED
2,0,220.4,0.3689,52.03,0.64,81.30556,1.5626669229290793,0.007090140303670959,0.0,0.0010999999999999899,0.35999999999999943,52.013999999999996,0.6386000000000001,0.36826,0.5228097168175817,0.002190890230006106,0.0006348228099037418,51.31,52.02988,0.7198805236816384,95.91069441576681,Healthy,Current instability increasing,MAINTENANCE REQUIRED
1,2,230.8,0.4301,92.83,0.936,99.26708,1.0693426693956696,0.004633200473984703,0.006000000000000005,0.0008999999999999564,1.2800000000000011,94.136,0.9542000000000002,0.42796,1.9171280604068524,0.019854470529328334,0.0015789236840334302,93.24,91.40291,1.8370916748046824,86.80939244351461,Healthy,Moderate load instability observed | Current instability increasing,MAINTENANCE REQUIRED
0,2,229.8,0.0425,7.84,0.801,9.7665,1.2457270408163266,0.00542091836734694,0.0020000000000000018,0.0011999999999999997,0.20999999999999996,7.544,0.7866,0.04158,0.23179732526498392,0.01811905074776117,0.0005263078946774997,8.01,8.387156,0.3771555328369143,97.623462190292,Healthy,Current instability increasing,MAINTENANCE REQUIRED
1,0,231.9,0.4246,95.62,0.971,98.46473999999999,1.0297504706128424,0.0044404936205814675,-0.029000000000000026,-0.0001000000000000445,-2.9499999999999886,95.404,0.9754000000000002,0.42497999999999997,2.3162534403644615,0.02013206397764515,0.00031144823004797424,92.78,80.73621,12.04378631591797,58.92588462517796,Moderate Risk,Moderate load instability observed | Possible power factor degradation | Unexpected appliance behavior predicted,MAINTENANCE REQUIRED
2,0,239.5,0.3754,56.45,0.628,89.9083,1.5927068201948626,0.006650132860938884,-0.016000000000000014,-0.00019999999999997797,-1.4399999999999977,57.636,0.6367999999999999,0.37688,0.8834477913265488,0.006906518659927747,0.0012755391017036854,57.76,57.691517,0.06848312377929489,94.03114757549312,Healthy,Normal stable operation,MAINTENANCE REQUIRED
0,0,229.3,0.04,7.0,0.762,9.172,1.3102857142857143,0.005714285714285714,0.02100000000000002,-9.999999999999593e-05,0.20000000000000018,6.967999999999999,0.7552,0.04006,0.13881642554108733,0.014889593681491165,5.477225575003681e-05,7.23,7.0961614,0.13383863449096722,96.35225590385168,Healthy,Possible power factor degradation,MAINTENANCE REQUIRED
1,0,231.0,0.4249,96.94,0.989,98.1519,1.0125015473488757,0.0043831235815968645,0.0050000000000000044,-0.00019999999999997797,0.6700000000000017,96.262,0.982,0.425,0.6895433271375745,0.005522680508592503,0.00020000000000143067,95.62,96.37986,0.7598599243164017,94.68710168634036,Healthy,Normal stable operation,MAINTENANCE REQUIRED
1,0,230.6,0.4249,96.34,0.983,97.98194,1.0170431804027402,0.004410421424122898,0.0,-0.0005999999999999894,-0.25,96.584,0.9842000000000001,0.42504,0.30859358386054353,0.002774887385101455,0.00030495901363955167,96.66,96.78591,0.12591156005859716,98.28385659809359,Healthy,Normal stable operation,MAINTENANCE REQUIRED
0,3,231.5,0.0464,9.11,0.85,10.7416,1.179099890230516,0.005093304061470911,0.01100000000000001,0.0006999999999999992,0.29999999999999893,8.498000000000001,0.8308,0.044379999999999996,0.489407805413847,0.020042454939453287,0.0015546703830715933,8.98,8.833569,0.14643142700195355,96.0255894116539,Healthy,Normal stable operation,MAINTENANCE REQUIRED
0,0,230.2,0.0402,8.25,0.891,9.25404,1.1217018181818181,0.0048727272727272725,0.01200000000000001,0.0,0.14000000000000057,8.252,0.8934000000000001,0.0402,0.10207840124140839,0.011886967653696873,0.0,8.17,8.183209,0.013209419250488352,97.979599817059,Healthy,Normal stable operation,MAINTENANCE REQUIRED
0,0,230.1,0.0402,7.04,0.761,9.25002,1.3139232954545454,0.005710227272727273,0.016000000000000014,0.0,0.17999999999999972,6.94,0.7516,0.040240000000000005,0.15732132722553832,0.012320714265005108,5.4772255750017115e-05,7.14,7.0836396,0.05636037826538054,97.12894019503007,Healthy,Normal stable operation,MAINTENANCE REQUIRED
0,0,232.5,0.04,7.22,0.775,9.3,1.28808864265928,0.00554016620498615,-0.0030000000000000027,0.0,0.1299999999999999,6.99,0.7574000000000001,0.04,0.1839836949297547,0.018849403173572876,0.0,7.37,6.975948,0.39405214309692393,97.93899858562649,Healthy,Normal stable operation,MAINTENANCE REQUIRED
2,0,241.4,0.3774,57.73,0.634,91.10436,1.578111207344535,0.006537328945089209,0.0020000000000000018,0.0005000000000000004,0.9299999999999997,57.576,0.636,0.37658,1.04567203271377,0.007968688725250169,0.0007886697661093705,58.88,58.53788,0.3421200561523463,94.48289384223202,Healthy,Normal stable operation,MAINTENANCE REQUIRED
0,2,229.4,0.0431,7.99,0.806,9.88714,1.237439299123905,0.00539424280350438,-0.027999999999999914,-0.0003999999999999976,-0.379999999999999,8.172,0.8198000000000001,0.043219999999999995,0.26061465806819567,0.01811629101113167,0.00023874672772621942,8.74,8.463845,0.27615474700927756,94.5343686417276,Healthy,Possible power factor degradation,MAINTENANCE REQUIRED
0,1,230.0,0.0415,7.31,0.767,9.545,1.3057455540355678,0.005677154582763339,-0.01100000000000001,0.00010000000000000286,-0.15000000000000036,7.215999999999999,0.764,0.040900000000000006,0.26726391451148024,0.019685019685029562,0.0006519202405202664,7.61,7.4796576,0.13034235000610384,97.1299850353404,Healthy,Normal stable operation,MAINTENANCE REQUIRED
0,0,233.4,0.0402,8.22,0.877,9.38268,1.1414452554744525,0.004890510948905109,-0.030000000000000027,0.0,-0.1999999999999993,8.242,0.8868,0.04022,0.10134100848127452,0.011734564329366015,4.472135954938095e-05,8.15,8.196253,0.04625282287597621,95.55904614294182,Healthy,Possible power factor degradation,MAINTENANCE REQUIRED
1,0,230.2,0.4256,98.82,1.0,97.97312,0.9914300748836268,0.00430682048168387,0.0,9.999999999998899e-05,-0.8000000000000114,97.886,0.9938,0.4250999999999999,1.3844060098106388,0.008497058314498616,0.00041833001326698307,96.2,96.88634,0.6863372802734347,92.63949948644013,Healthy,Normal stable operation,MAINTENANCE REQUIRED
2,2,223.0,0.3975,58.21,0.656,88.6425,1.5228053599037965,0.006828723587012541,-0.0020000000000000018,0.012400000000000022,1.4100000000000037,56.529999999999994,0.6532,0.3867,1.0931834246820866,0.004868264577852291,0.006101229384311879,59.62,58.630466,0.9895335388183568,89.96672918958161,Healthy,Current instability increasing,MAINTENANCE REQUIRED
2,0,222.8,0.3701,52.67,0.639,82.45828,1.5655644579456995,0.007026770457565976,0.0050000000000000044,0.0025000000000000022,0.9500000000000028,52.164,0.6362,0.36878,0.4804477078714301,0.0033466401061264784,0.000909395403536821,53.29,52.243122,1.046877899169921,94.35142585742585,Healthy,Current instability increasing,MAINTENANCE REQUIRED
2,1,223.0,0.3834,55.48,0.648,85.4982,1.5410634462869504,0.006910598413842827,-0.009000000000000008,-0.0015999999999999903,-1.240000000000002,56.19199999999999,0.6534,0.38442,0.6488990676522459,0.004335896677736823,0.0007563068160439251,55.22,56.089256,0.8692562866210949,93.75026373327523,Healthy,Current instability increasing,MAINTENANCE REQUIRED
0,0,230.8,0.04,7.13,0.772,9.232000000000001,1.294810659186536,0.005610098176718092,0.030000000000000027,0.0,0.2999999999999998,7.05,0.7628,0.04,0.1727715254317222,0.017137677789009386,7.071067811828997e-05,7.05,7.0594,0.009400081634521662,95.34626488631,Healthy,Possible power factor degradation,MAINTENANCE REQUIRED
2,0,238.8,0.3774,56.73,0.63,90.12312000000001,1.5886324695928085,0.006652564780539398,-0.017000000000000015,-9.999999999998899e-05,-2.1200000000000045,57.92,0.6382000000000001,0.37764000000000003,0.908157475331125,0.00704982269280116,0.0007300684899209606,57.89,57.990135,0.10013519287109318,93.74906755006648,Healthy,Normal stable operation,MAINTENANCE REQUIRED
0,1,232.3,0.0414,7.66,0.796,9.61722,1.2555117493472585,0.005404699738903394,0.013000000000000012,-0.00030000000000000165,0.14000000000000057,7.496,0.7822,0.041499999999999995,0.19060430215501076,0.01614620698492389,0.0001581138830083097,7.96,7.8390326,0.12096735000610348,97.16208264515241,Healthy,Normal stable operation,MAINTENANCE REQUIRED
0,0,232.5,0.0402,7.26,0.776,9.3465,1.2873966942148762,0.005537190082644628,0.03500000000000003,-0.00010000000000000286,0.4299999999999997,7.014,0.7574,0.04024,0.18474306482248434,0.014117365193261214,5.4772255750017115e-05,6.8,6.965504,0.1655041694641115,94.26237168006884,Healthy,Possible power factor degradation,MAINTENANCE REQUIRED
0,0,232.4,0.04,7.07,0.761,9.296000000000001,1.314851485148515,0.005657708628005658,-0.017000000000000015,-9.999999999999593e-05,-0.16000000000000014,7.006,0.7577999999999999,0.04006,0.16009372255027476,0.014446452851821383,5.47722557500357e-05,6.86,6.9553905,0.09539045333862273,96.87362689543569,Healthy,Normal stable operation,MAINTENANCE REQUIRED
0,3,232.4,0.0464,9.22,0.855,10.78336,1.1695618221258133,0.005032537960954446,0.038000000000000034,0.000899999999999998,0.7100000000000009,8.882,0.8402,0.045799999999999993,0.29346209295238046,0.014872793954062555,0.00047434164902510404,6.74,8.655873,1.9158732986450193,89.21297180902715,Healthy,Possible power factor degradation | Current instability increasing,MAINTENANCE REQUIRED
2,1,222.9,0.3843,56.11,0.653,85.66047,1.5266524683657103,0.006849046515772589,0.0030000000000000027,0.0005000000000000004,0.14999999999999858,54.512,0.6446000000000001,0.37832,1.8734647047649473,0.007893034904268558,0.007388301563959045,56.58,56.18107,0.39893157958984204,90.77660922253733,Healthy,Moderate load instability observed,MAINTENANCE REQUIRED
2,0,223.1,0.3698,52.44,0.636,82.50238,1.5732719298245614,0.007051868802440886,-0.049000000000000044,-0.063,-13.700000000000003,64.406,0.6806,0.42268,6.753856676003738,0.025363359398944425,0.029667608599278656,52.98,53.231445,0.2514453125000031,49.92024961563876,Severe Risk,High power fluctuation detected | Possible power factor degradation | Current instability increasing | Maintenance recommended,MAINTENANCE REQUIRED
2,1,223.4,0.3828,55.36,0.646,85.51751999999999,1.5447528901734102,0.006914739884393064,0.010000000000000009,0.01319999999999999,3.019999999999996,53.04600000000001,0.6378,0.37249999999999994,1.3481394586614184,0.005449770637375546,0.0057662812973346775,55.88,55.986988,0.10698806762695057,89.6960011013464,Healthy,Current instability increasing,MAINTENANCE REQUIRED
2,1,224.1,0.385,56.72,0.657,86.2785,1.5211301128349788,0.0067877291960507765,0.0030000000000000027,0.00040000000000001146,0.509999999999998,56.38199999999999,0.6548,0.3847,0.5131958690402295,0.0031144823004811075,0.0004999999999945524,55.48,56.084625,0.6046252441406281,95.99045172338907,Healthy,Normal stable operation,MAINTENANCE REQUIRED
2,0,239.6,0.3782,57.03,0.629,90.61671999999999,1.5889307382079605,0.006631597404874627,-0.014000000000000012,-0.0005000000000000004,-1.3699999999999974,58.148,0.6394,0.37770000000000004,0.7932023701425956,0.007402702209324457,0.001058300524414246,59.2,58.719803,0.48019714355469034,93.6518051356157,Healthy,Normal stable operation,MAINTENANCE REQUIRED
1,1,232.1,0.427,96.11,0.972,99.10669999999999,1.0311798980335032,0.0044428259286234525,0.0010000000000000009,0.00019999999999997797,0.480000000000004,95.03799999999998,0.9644,0.42696000000000006,0.9892775141482273,0.008018728078688137,0.0003361547262811497,94.56,93.830765,0.7292352294921898,94.03150194478283,Healthy,Normal stable operation,MAINTENANCE REQUIRED
1,0,230.4,0.425,93.84,0.958,97.92,1.0434782608695652,0.004528985507246376,-0.009000000000000008,-9.999999999998899e-05,-0.35999999999999943,95.47,0.9747999999999999,0.42510000000000003,1.3405222862750157,0.011691877522451285,0.00029154759474228945,96.32,96.21704,0.10295898437499318,92.98643070105953,Healthy,Normal stable operation,MAINTENANCE REQUIRED
0,3,229.4,0.0452,8.66,0.835,10.368879999999999,1.1973302540415702,0.005219399538106235,0.019000000000000017,0.0022000000000000006,0.5500000000000007,8.2,0.8182,0.0435,0.34080786375903593,0.02046216019876629,0.0009617692030835076,8.94,8.827363,0.1126369857788081,95.32100740367981,Healthy,Current instability increasing,MAINTENANCE REQUIRED
0,0,232.3,0.0402,7.15,0.766,9.33846,1.3060783216783216,0.005622377622377622,0.009000000000000008,0.0,0.1900000000000004,6.99,0.7564,0.040240000000000005,0.11113055385448548,0.0073006848993709935,5.4772255750017115e-05,6.83,7.1041627,0.27416269302368157,97.73463674555104,Healthy,Normal stable operation,MAINTENANCE REQUIRED
2,0,222.1,0.3698,52.06,0.634,82.13258,1.5776523242412601,0.007103342297349212,-0.0050000000000000044,-0.0008999999999999564,-0.8900000000000006,52.580000000000005,0.637,0.3701,0.49178247223747246,0.003082207001484472,0.0005244044240850585,55.48,52.904922,2.5750775146484344,91.17972782800621,Healthy,Current instability increasing | Unexpected appliance behavior predicted,MAINTENANCE REQUIRED
1,0,230.4,0.4249,98.08,1.0,97.89696,0.9981337683523656,0.0043321778140293634,0.0020000000000000018,-0.00030000000000002247,-0.4200000000000017,97.494,0.9916,0.4250999999999999,0.7747128500288853,0.007402702209328011,0.0003162277660168005,96.26,97.13004,0.8700430297851511,94.44734998455864,Healthy,Normal stable operation,MAINTENANCE REQUIRED
0,0,231.4,0.0401,6.93,0.747,9.27914,1.338981240981241,0.005786435786435786,-0.0010000000000000009,0.0,0.0,7.081999999999999,0.7664000000000001,0.04002,0.13917614738167075,0.017357995275950087,8.366600265309477e-05,6.8,6.9553905,0.15539045333862322,98.93382701173604,Healthy,Normal stable operation,MAINTENANCE REQUIRED
1,0,231.7,0.4249,96.96,0.985,98.44932999999999,1.015360251650165,0.004382219471947195,0.010000000000000009,9.999999999998899e-05,1.539999999999992,96.45,0.9853999999999999,0.42474,1.1023157442402338,0.009607288899580086,0.00018165902124638036,98.92,96.5834,2.336603088378908,88.72382570358248,Healthy,Unexpected appliance behavior predicted,MAINTENANCE REQUIRED
0,0,233.0,0.0403,7.07,0.753,9.3899,1.3281329561527582,0.005700141442715701,0.031000000000000028,0.00010000000000000286,0.41999999999999993,6.984,0.7540000000000001,0.04022,0.195908141739962,0.019962464777674722,4.4721359549388446e-05,6.98,6.944947,0.03505323410034222,95.03687407123954,Healthy,Possible power factor degradation,MAINTENANCE REQUIRED
0,0,231.6,0.0403,7.16,0.767,9.33348,1.303558659217877,0.005628491620111732,0.03200000000000003,0.00010000000000000286,0.3600000000000003,7.040000000000001,0.757,0.040240000000000005,0.21011901389451798,0.017902513789965463,5.4772255750017115e-05,6.9,6.944947,0.04494676589965785,94.82459484029454,Healthy,Possible power factor degradation,MAINTENANCE REQUIRED
