LoadType,Condition,Vrms,Irms,RealPower,PF
Incandescent,Healthy,229.2,0.4247,94.15,0.967
Incandescent,Healthy,231.7,0.4248,99.83,1
Incandescent,Healthy,230.2,0.4255,95.74,0.978
Incandescent,Healthy,231,0.4254,95.91,0.976
Incandescent,Healthy,231.1,0.425,95.31,0.97
Incandescent,Healthy,230.5,0.4251,95.02,0.97
Incandescent,Healthy,229.4,0.4255,94.73,0.97
Incandescent,Healthy,230.8,0.4248,96.24,0.982
Incandescent,Healthy,230.8,0.425,96.4,0.983
Incandescent,Healthy,230.6,0.4251,95.97,0.979
Incandescent,Healthy,231.5,0.4247,96.58,0.982
Incandescent,Healthy,230.7,0.4252,96.57,0.984
Incandescent,Healthy,229.9,0.4255,96.16,0.983
Incandescent,Healthy,229.2,0.4251,94.2,0.967
Incandescent,Healthy,230.4,0.425,93.84,0.958
Incandescent,Healthy,232,0.4246,96.32,0.978
Incandescent,Healthy,230.9,0.425,97.39,0.992
Incandescent,Healthy,229.5,0.4254,95.59,0.979
Incandescent,Healthy,230.4,0.4256,94.89,0.968
Incandescent,Healthy,231.9,0.4253,96.69,0.98
Incandescent,Healthy,230.5,0.4249,96.27,0.983
Incandescent,Healthy,230,0.4248,95.14,0.974
Incandescent,Healthy,230.8,0.4255,96.71,0.985
Incandescent,Healthy,229.9,0.4248,95.27,0.976
Incandescent,Healthy,229.8,0.4248,96.42,0.988
Incandescent,Healthy,231,0.4256,96.58,0.982
Incandescent,Healthy,231.4,0.4249,95.57,0.972
Incandescent,Healthy,230.5,0.4247,96.06,0.981
Incandescent,Healthy,230.6,0.4251,95.58,0.975
Incandescent,Healthy,231.7,0.4247,96.64,0.982
Incandescent,Healthy,230.3,0.4251,96,0.981
Incandescent,Healthy,230.2,0.4248,96.4,0.986
Incandescent,Healthy,231.3,0.4252,96.48,0.981
Incandescent,Healthy,231.4,0.4248,97.11,0.988
Incandescent,Healthy,230.9,0.4255,96.59,0.983
Incandescent,Healthy,230.6,0.4249,96.34,0.983
Incandescent,Healthy,231.2,0.4248,96.66,0.984
Incandescent,Healthy,230.3,0.4254,96.59,0.986
Incandescent,Healthy,230.6,0.4247,96.6,0.986
Incandescent,Healthy,231.7,0.4253,97.64,0.991
Incandescent,Healthy,231.4,0.4248,97.11,0.988
Incandescent,Healthy,230.9,0.4255,96.59,0.983
Incandescent,Healthy,230.6,0.4249,96.34,0.983
Incandescent,Healthy,231.2,0.4248,96.66,0.984
Incandescent,Healthy,230.3,0.4254,96.59,0.986
Incandescent,Healthy,230.6,0.4247,96.6,0.986
Incandescent,Healthy,231.7,0.4253,97.64,0.991
Incandescent,Healthy,229.6,0.4248,96.36,0.988
Incandescent,Healthy,231.1,0.4253,96.58,0.983
Incandescent,Healthy,230.2,0.425,96.25,0.984
Incandescent,Healthy,231.4,0.4253,97.85,0.994
Incandescent,Healthy,231.7,0.4248,97.65,0.992
Incandescent,Healthy,229.9,0.4255,96.07,0.982
Incandescent,Healthy,231.3,0.4249,97.22,0.989
Incandescent,Healthy,231.3,0.4255,97.6,0.992
Incandescent,Healthy,230.6,0.425,96.76,0.988
Incandescent,Healthy,230.8,0.4248,96.22,0.982
Incandescent,Healthy,231.1,0.4254,98.13,0.998
Incandescent,Healthy,230,0.4252,95.89,0.98
Incandescent,Healthy,231.5,0.4248,97.11,0.988
Incandescent,Healthy,231.1,0.425,97.18,0.99
Incandescent,Healthy,231.2,0.4256,96.6,0.982
Incandescent,Healthy,232.2,0.4252,98.5,0.998
Incandescent,Healthy,230.4,0.4249,98.08,1
Incandescent,Healthy,229.5,0.4246,96.26,0.988
Incandescent,Healthy,230,0.4245,95.53,0.979
Incandescent,Healthy,230.4,0.4248,95.42,0.975
Incandescent,Healthy,231.7,0.4249,96.96,0.985
Incandescent,Healthy,231.8,0.4253,98.92,1
Incandescent,Healthy,229.6,0.4254,97.75,1
Incandescent,Healthy,230.2,0.4249,95.79,0.979
Incandescent,Healthy,232,0.4247,98.84,1
Incandescent,Healthy,231.2,0.4252,98.01,0.997
Incandescent,Healthy,231.7,0.4249,96.96,0.985
Incandescent,Healthy,231.8,0.4253,98.92,1
Incandescent,Healthy,229.6,0.4254,97.75,1
Incandescent,Healthy,230.2,0.4249,95.79,0.979
Incandescent,Healthy,232,0.4247,98.84,1
Incandescent,Healthy,231.2,0.4252,98.01,0.997
Incandescent,Healthy,231.4,0.4253,97.85,0.994
Incandescent,Healthy,230.8,0.4248,97.18,0.991
Incandescent,Healthy,230.6,0.4249,96.6,0.986
Incandescent,Healthy,230.6,0.4254,97.7,0.996
Incandescent,Healthy,230.7,0.4248,96.36,0.983
Incandescent,Healthy,232.2,0.4246,98.92,1
Incandescent,Healthy,231.3,0.4251,97.18,0.988
Incandescent,Healthy,231,0.4253,96.63,0.983
Incandescent,Healthy,232.6,0.4252,99.66,1
Incandescent,Healthy,230.5,0.4248,97.86,1
Incandescent,Healthy,230.1,0.4247,96.18,0.984
Incandescent,Healthy,231.7,0.4249,96.95,0.985
Incandescent,Healthy,232.3,0.4255,99.62,1
Incandescent,Healthy,230.2,0.4256,98.82,1
Incandescent,Healthy,229.5,0.4251,96.2,0.986
Incandescent,Healthy,231.2,0.4254,97.19,0.988
Incandescent,Healthy,232.3,0.4253,95.82,0.97
Incandescent,Healthy,230,0.4252,92.88,0.95
Incandescent,Healthy,227.8,0.4253,93.45,0.965
Incandescent,Healthy,229,0.4251,96.5,0.991
Incandescent,Healthy,230.8,0.4247,98.57,1
Incandescent,Healthy,231.9,0.4246,95.62,0.971
Incandescent,Healthy,229.5,0.4253,92.78,0.95
Incandescent,Healthy,227.9,0.4255,94.24,0.972
Incandescent,Healthy,230.2,0.4252,97.54,0.996
Incandescent,Healthy,231.9,0.4253,95.46,0.968
Incandescent,Healthy,211.3,0.3858,78.33,0.961
Incandescent,Healthy,228.3,0.425,94.42,0.973
Incandescent,Healthy,229.2,0.4247,94.15,0.967
Incandescent,Healthy,231.7,0.4248,99.83,1
Incandescent,Healthy,230.2,0.4255,95.74,0.978
Incandescent,Healthy,231,0.4254,95.91,0.976
Incandescent,Healthy,231.1,0.425,95.31,0.97
Incandescent,Healthy,230.5,0.4251,95.02,0.97
Incandescent,Healthy,229.4,0.4255,94.73,0.97
Incandescent,Healthy,230.8,0.4248,96.24,0.982
Incandescent,Healthy,230.8,0.425,96.4,0.983
Incandescent,Healthy,230.6,0.4251,95.97,0.979
Incandescent,Healthy,231.5,0.4247,96.58,0.982
Incandescent,Healthy,230.7,0.4252,96.57,0.984
Incandescent,Healthy,229.9,0.4255,96.16,0.983
Incandescent,Healthy,229.2,0.4251,94.2,0.967
Incandescent,Healthy,230.4,0.425,93.84,0.958
Incandescent,Healthy,232,0.4246,96.32,0.978
Incandescent,Healthy,230.9,0.425,97.39,0.992
Incandescent,Healthy,229.5,0.4254,95.59,0.979
Incandescent,Healthy,230.4,0.4256,94.89,0.968
Incandescent,Healthy,231.9,0.4253,96.69,0.98
Incandescent,Healthy,230.5,0.4249,96.27,0.983
Incandescent,Healthy,232,0.4246,96.32,0.978
Incandescent,Healthy,230.9,0.425,97.39,0.992
Incandescent,Healthy,229.5,0.4254,95.59,0.979
Incandescent,Healthy,230.4,0.4256,94.89,0.968
Incandescent,Healthy,231.9,0.4253,96.69,0.98
Incandescent,Healthy,230.5,0.4249,96.27,0.983
Incandescent,Healthy,230,0.4248,95.14,0.974
Incandescent,Healthy,230.8,0.4255,96.71,0.985
Incandescent,Healthy,229.9,0.4248,95.27,0.976
Incandescent,Healthy,229.8,0.4248,96.42,0.988
Incandescent,Healthy,231,0.4256,96.58,0.982
Incandescent,Healthy,231.4,0.4249,95.57,0.972
Incandescent,Healthy,230.5,0.4247,96.06,0.981
Incandescent,Healthy,230.6,0.4251,95.58,0.975
Incandescent,Healthy,231.7,0.4247,96.64,0.982
Incandescent,Healthy,230.3,0.4251,96,0.981
Incandescent,Healthy,230.2,0.4248,96.4,0.986
Incandescent,Healthy,231.3,0.4252,96.48,0.981
Incandescent,Healthy,231.4,0.4248,97.11,0.988
Incandescent,Healthy,230.9,0.4255,96.59,0.983
Incandescent,Healthy,230.6,0.4249,96.34,0.983
Incandescent,Healthy,231.2,0.4248,96.66,0.984
Incandescent,Healthy,230.3,0.4254,96.59,0.986
Incandescent,Healthy,230.6,0.4247,96.6,0.986
Incandescent,Healthy,231.7,0.4253,97.64,0.991
Incandescent,Healthy,229.6,0.4248,96.36,0.988
Incandescent,Healthy,231.1,0.4253,96.58,0.983
Incandescent,Healthy,230.2,0.425,96.25,0.984
Incandescent,Healthy,231.4,0.4253,97.85,0.994
Incandescent,Healthy,231.7,0.4248,97.65,0.992
Incandescent,Healthy,229.9,0.4255,96.07,0.982
Incandescent,Healthy,229.2,0.4247,94.15,0.967
Incandescent,Healthy,231.7,0.4248,99.83,1
Incandescent,Healthy,230.2,0.4255,95.74,0.978
Incandescent,Healthy,231,0.4254,95.91,0.976
Incandescent,Healthy,231.1,0.425,95.31,0.97
Incandescent,Healthy,230.5,0.4251,95.02,0.97
Incandescent,Healthy,229.4,0.4255,94.73,0.97
Incandescent,Healthy,230.8,0.4248,96.24,0.982
Incandescent,Healthy,230.8,0.425,96.4,0.983
Incandescent,Healthy,230.6,0.4251,95.97,0.979
Incandescent,Healthy,231.5,0.4247,96.58,0.982
Incandescent,Healthy,230.7,0.4252,96.57,0.984
Incandescent,Healthy,229.9,0.4255,96.16,0.983
Incandescent,Healthy,229.2,0.4251,94.2,0.967
Incandescent,Healthy,230.4,0.425,93.84,0.958
Incandescent,Healthy,232,0.4246,96.32,0.978
Incandescent,Healthy,230.9,0.425,97.39,0.992
Incandescent,Healthy,229.5,0.4254,95.59,0.979
Incandescent,Healthy,230.4,0.4256,94.89,0.968
Incandescent,Healthy,231.9,0.4253,96.69,0.98
Incandescent,Healthy,230.5,0.4249,96.27,0.983
Incandescent,Healthy,230,0.4248,95.14,0.974
Incandescent,Healthy,230.3,0.4251,96.27,0.984
Incandescent,Healthy,231,0.4249,96.94,0.989
Incandescent,Healthy,229.8,0.4253,95.62,0.98
Incandescent,Healthy,232.1,0.4247,98.33,0.999
Incandescent,Healthy,230.7,0.425,96.55,0.986
Incandescent,Healthy,229.4,0.4252,95.14,0.977
Incandescent,Healthy,231.6,0.4248,97.61,0.992
Incandescent,Healthy,230.1,0.4254,96.02,0.981
Incandescent,Healthy,232.4,0.4246,98.91,1
Incandescent,Healthy,231.2,0.4251,97.18,0.989
Incandescent,Healthy,229.7,0.4249,95.36,0.978
Incandescent,Healthy,230.8,0.4255,96.84,0.985
Incandescent,Mild,230.4,0.4269,95.02,0.966
Incandescent,Mild,231.3,0.4272,95.78,0.969
Incandescent,Mild,229.6,0.4268,94.18,0.959
Incandescent,Mild,232,0.4274,96.12,0.971
Incandescent,Mild,230.9,0.427,95.44,0.967
Incandescent,Mild,229.8,0.4276,94.36,0.957
Incandescent,Mild,231.7,0.4273,95.98,0.97
Incandescent,Mild,230.2,0.4267,94.76,0.963
Incandescent,Moderate,230.1,0.4305,91.48,0.922
Incandescent,Moderate,231.6,0.4314,92.88,0.93
Incandescent,Moderate,229.9,0.431,90.96,0.917
Incandescent,Moderate,232.2,0.4318,93.36,0.934
Incandescent,Moderate,230.7,0.4312,91.97,0.925
Incandescent,Moderate,229.5,0.432,90.42,0.911
Incandescent,Severe,229.8,0.4362,87.14,0.865
Incandescent,Severe,231.4,0.4371,88.46,0.873
Incandescent,Severe,230.3,0.4365,87.58,0.868
Incandescent,Severe,232,0.438,88.82,0.874
Incandescent,Severe,229.6,0.4372,86.94,0.861
LED,Healthy,229.1,0.0401,6.92,0.75
LED,Healthy,230.4,0.0402,7.1,0.765
LED,Healthy,231.6,0.0401,7.22,0.778
LED,Healthy,228.7,0.04,6.8,0.744
LED,Healthy,232.2,0.0402,7.28,0.778
LED,Healthy,229.8,0.0401,6.97,0.756
LED,Healthy,230.7,0.0402,7.12,0.767
LED,Healthy,233,0.0402,7.35,0.783
LED,Healthy,227.8,0.0403,6.88,0.751
LED,Healthy,231.2,0.0402,7.16,0.77
LED,Healthy,230.1,0.0401,6.76,0.731
LED,Healthy,232.5,0.0403,7.31,0.78
LED,Mild,229.7,0.0412,7.24,0.764
LED,Mild,231.1,0.0414,7.46,0.778
LED,Mild,230,0.0415,7.31,0.767
LED,Mild,232,0.0413,7.61,0.795
LED,Mild,228.8,0.0416,7.11,0.749
LED,Mild,230.8,0.0417,7.56,0.785
LED,Mild,231.7,0.0415,7.66,0.798
LED,Mild,229.5,0.0413,7.18,0.758
LED,Moderate,229.6,0.0429,8.01,0.813
LED,Moderate,231.3,0.0432,8.24,0.826
LED,Moderate,230.2,0.0431,8.07,0.815
LED,Moderate,232.3,0.0435,8.43,0.836
LED,Moderate,228.9,0.043,7.83,0.797
LED,Moderate,231.1,0.0433,8.31,0.832
LED,Severe,229.8,0.0457,8.81,0.839
LED,Severe,231.5,0.0464,9.11,0.85
LED,Severe,230.7,0.0462,8.98,0.845
LED,Severe,232.8,0.0466,9.34,0.859
LED,Severe,228.9,0.0458,8.57,0.82
Fan,Healthy,223,0.3697,52.31,0.635
Fan,Healthy,224.2,0.3704,53.02,0.639
Fan,Healthy,222.5,0.3691,52.04,0.634
Fan,Healthy,223.8,0.37,52.88,0.638
Fan,Healthy,221.8,0.3695,51.76,0.631
Fan,Healthy,224.5,0.3701,53.14,0.641
Fan,Healthy,223.1,0.3705,52.66,0.637
Fan,Healthy,222.7,0.3694,52.09,0.634
Fan,Healthy,223.6,0.3707,52.95,0.639
Fan,Healthy,222.1,0.3698,52.06,0.634
Fan,Mild,223.5,0.383,55.48,0.647
Fan,Mild,224.3,0.3838,55.96,0.65
Fan,Mild,222.9,0.3843,56.11,0.653
Fan,Mild,223.9,0.385,56.58,0.656
Fan,Mild,224.6,0.3854,57.02,0.658
Fan,Mild,222.8,0.384,55.74,0.651
Fan,Mild,223.7,0.3848,56.33,0.654
Fan,Moderate,223.2,0.4004,58.84,0.658
Fan,Moderate,224.5,0.4028,60.02,0.664
Fan,Moderate,223.9,0.4052,60.66,0.668
Fan,Moderate,224.8,0.4072,61.38,0.671
Fan,Moderate,222.8,0.4036,59.22,0.659
Fan,Moderate,223.6,0.4055,60.18,0.665
Fan,Severe,223.5,0.4282,64.42,0.674
Fan,Severe,224.1,0.4314,65.76,0.681
Fan,Severe,222.9,0.4339,66.58,0.688
Fan,Severe,223.8,0.4372,67.81,0.695
Fan,Severe,224.6,0.4395,68.66,0.698
Fan,Severe,223,0.4346,67.02,0.691
Incandescent,Healthy,229.7,0.4249,95.84,0.982
Incandescent,Healthy,230.1,0.425,96.11,0.983
Incandescent,Healthy,231.3,0.4248,97.02,0.988
Incandescent,Healthy,230.8,0.4252,96.52,0.985
Incandescent,Healthy,229.5,0.4253,95.28,0.978
Incandescent,Healthy,232,0.4247,98.12,0.997
Incandescent,Healthy,231.6,0.4251,97.46,0.991
Incandescent,Healthy,230.2,0.4249,95.92,0.985
Incandescent,Healthy,229.9,0.4254,95.61,0.98
Incandescent,Healthy,231.1,0.425,96.88,0.989
Incandescent,Healthy,232.3,0.4248,98.44,0.999
Incandescent,Healthy,230.4,0.4252,96.31,0.984
Incandescent,Healthy,229.6,0.425,95.18,0.977
Incandescent,Healthy,231.8,0.4247,97.95,0.997
Incandescent,Healthy,230.7,0.4253,96.73,0.986
Incandescent,Mild,230.2,0.4268,94.92,0.965
Incandescent,Mild,231,0.4272,95.44,0.968
Incandescent,Mild,229.4,0.4265,93.98,0.957
Incandescent,Mild,232.1,0.427,96.08,0.972
Incandescent,Mild,230.8,0.4269,95.63,0.97
Incandescent,Mild,229.9,0.4276,94.36,0.959
Incandescent,Mild,231.5,0.4271,95.81,0.971
Incandescent,Mild,230.1,0.4267,94.72,0.964
Incandescent,Mild,229.7,0.4278,94.05,0.954
Incandescent,Mild,231.2,0.4273,95.66,0.968
Incandescent,Moderate,230,0.4302,91.76,0.926
Incandescent,Moderate,231.4,0.4311,92.54,0.929
Incandescent,Moderate,229.8,0.4308,90.88,0.917
Incandescent,Moderate,232,0.4315,93.14,0.933
Incandescent,Moderate,230.6,0.4309,91.92,0.925
Incandescent,Moderate,229.5,0.4318,90.51,0.912
Incandescent,Moderate,231.7,0.4312,92.81,0.931
Incandescent,Moderate,230.2,0.4306,91.31,0.921
Incandescent,Severe,229.4,0.4359,87.04,0.869
Incandescent,Severe,231.2,0.4368,88.22,0.873
Incandescent,Severe,230,0.4361,87.36,0.868
Incandescent,Severe,232.1,0.4375,88.71,0.875
Incandescent,Severe,229.8,0.4369,86.92,0.862
Incandescent,Severe,231.5,0.438,88.34,0.871
LED,Healthy,229.4,0.0401,6.88,0.746
LED,Healthy,230.7,0.0402,7.11,0.766
LED,Healthy,231.2,0.0401,7.18,0.773
LED,Healthy,228.8,0.04,6.82,0.745
LED,Healthy,232,0.0402,7.24,0.776
LED,Healthy,229.1,0.0401,6.95,0.756
LED,Healthy,230.5,0.0402,7.08,0.764
LED,Healthy,233.1,0.0402,7.33,0.781
LED,Healthy,227.9,0.0403,6.91,0.754
LED,Healthy,231.4,0.0402,7.15,0.769
LED,Healthy,230.2,0.0401,6.74,0.729
LED,Healthy,232.4,0.0403,7.29,0.776
LED,Healthy,229.7,0.0402,7.03,0.76
LED,Healthy,230.8,0.04,7.17,0.777
LED,Healthy,231.6,0.0401,7.06,0.759
LED,Mild,229.8,0.0411,7.22,0.762
LED,Mild,231,0.0413,7.41,0.775
LED,Mild,230.2,0.0415,7.34,0.768
LED,Mild,232.1,0.0412,7.58,0.793
LED,Mild,228.9,0.0414,7.08,0.747
LED,Mild,230.7,0.0416,7.49,0.781
LED,Mild,231.8,0.0415,7.63,0.795
LED,Mild,229.6,0.0413,7.18,0.756
LED,Mild,230.4,0.0417,7.52,0.783
LED,Mild,232.3,0.0414,7.66,0.796
LED,Moderate,229.5,0.0428,7.96,0.81
LED,Moderate,231.2,0.0431,8.22,0.824
LED,Moderate,230.1,0.043,8.04,0.812
LED,Moderate,232.4,0.0434,8.41,0.834
LED,Moderate,228.7,0.0429,7.81,0.795
LED,Moderate,231,0.0432,8.28,0.83
LED,Moderate,230.6,0.0435,8.37,0.834
LED,Moderate,229.4,0.0431,7.99,0.806
LED,Severe,229.9,0.0455,8.74,0.836
LED,Severe,231.6,0.0462,9.05,0.847
LED,Severe,230.8,0.046,8.92,0.841
LED,Severe,232.7,0.0465,9.28,0.857
LED,Severe,228.8,0.0457,8.53,0.817
LED,Severe,231.1,0.0463,9.11,0.85
LED,Severe,230.2,0.0461,8.96,0.844
LED,Severe,232,0.0466,9.32,0.861
Fan,Healthy,223.1,0.3698,52.44,0.636
Fan,Healthy,224,0.3705,52.98,0.638
Fan,Healthy,222.6,0.3692,52.18,0.635
Fan,Healthy,223.8,0.3701,52.91,0.639
Fan,Healthy,221.9,0.3695,51.82,0.632
Fan,Healthy,224.4,0.3699,53.16,0.642
Fan,Healthy,223,0.3706,52.63,0.637
Fan,Healthy,222.7,0.3694,52.02,0.633
Fan,Healthy,223.5,0.3708,52.96,0.639
Fan,Healthy,222.2,0.3698,52.11,0.634
Fan,Healthy,224.1,0.3702,53.04,0.64
Fan,Healthy,223.3,0.3697,52.56,0.637
Fan,Healthy,221.8,0.3704,51.96,0.631
Fan,Healthy,223.9,0.37,53.01,0.639
Fan,Healthy,222.5,0.3696,52.34,0.636
Fan,Mild,223.4,0.3828,55.36,0.646
Fan,Mild,224.2,0.3835,55.88,0.649
Fan,Mild,222.9,0.3841,56.02,0.653
Fan,Mild,223.8,0.3848,56.43,0.655
Fan,Mild,224.5,0.3852,56.94,0.658
Fan,Mild,222.7,0.3839,55.61,0.65
Fan,Mild,223.6,0.3846,56.21,0.654
Fan,Mild,224.1,0.385,56.72,0.657
Fan,Mild,223,0.3834,55.48,0.648
Fan,Mild,222.5,0.3829,55.22,0.647
Fan,Moderate,223.1,0.3998,58.62,0.657
Fan,Moderate,224.6,0.4024,59.88,0.663
Fan,Moderate,223.8,0.4048,60.53,0.667
Fan,Moderate,224.9,0.4069,61.31,0.671
Fan,Moderate,222.7,0.4032,59.14,0.658
Fan,Moderate,223.5,0.4051,60.09,0.664
Fan,Moderate,224.1,0.4074,61.08,0.67
Fan,Moderate,223,0.404,59.55,0.66
Fan,Severe,223.4,0.4278,64.21,0.672
Fan,Severe,224.2,0.431,65.58,0.68
Fan,Severe,222.8,0.4335,66.41,0.687
Fan,Severe,223.9,0.4369,67.66,0.694
Fan,Severe,224.7,0.4391,68.55,0.697
Fan,Severe,223.1,0.4342,66.92,0.69
Fan,Severe,224,0.4375,67.98,0.695
Fan,Severe,222.6,0.4328,66.14,0.685
Incandescent,Healthy,229.7,0.4249,95.84,0.982
Incandescent,Healthy,230.1,0.425,96.11,0.983
Incandescent,Healthy,231.3,0.4248,97.02,0.988
Incandescent,Healthy,230.8,0.4252,96.52,0.985
Incandescent,Healthy,229.5,0.4253,95.28,0.978
Incandescent,Healthy,232,0.4247,98.12,0.997
Incandescent,Healthy,231.6,0.4251,97.46,0.991
Incandescent,Healthy,230.2,0.4249,95.92,0.985
Incandescent,Healthy,229.9,0.4254,95.61,0.98
Incandescent,Healthy,231.1,0.425,96.88,0.989
Incandescent,Healthy,232.3,0.4248,98.44,0.999
Incandescent,Healthy,230.4,0.4252,96.31,0.984
Incandescent,Healthy,229.6,0.425,95.18,0.977
Incandescent,Healthy,231.8,0.4247,97.95,0.997
Incandescent,Healthy,230.7,0.4253,96.73,0.986
Incandescent,Mild,230.2,0.4268,94.92,0.965
Incandescent,Mild,231,0.4272,95.44,0.968
Incandescent,Mild,229.4,0.4265,93.98,0.957
Incandescent,Mild,232.1,0.427,96.08,0.972
Incandescent,Mild,230.8,0.4269,95.63,0.97
Incandescent,Mild,229.9,0.4276,94.36,0.959
Incandescent,Mild,231.5,0.4271,95.81,0.971
Incandescent,Mild,230.1,0.4267,94.72,0.964
Incandescent,Mild,229.7,0.4278,94.05,0.954
Incandescent,Mild,231.2,0.4273,95.66,0.968
Incandescent,Moderate,230,0.4302,91.76,0.926
Incandescent,Moderate,231.4,0.4311,92.54,0.929
Incandescent,Moderate,229.8,0.4308,90.88,0.917
Incandescent,Moderate,232,0.4315,93.14,0.933
Incandescent,Moderate,230.6,0.4309,91.92,0.925
Incandescent,Moderate,229.5,0.4318,90.51,0.912
Incandescent,Moderate,231.7,0.4312,92.81,0.931
Incandescent,Moderate,230.2,0.4306,91.31,0.921
Incandescent,Severe,229.4,0.4359,87.04,0.869
Incandescent,Severe,231.2,0.4368,88.22,0.873
Incandescent,Severe,230,0.4361,87.36,0.868
Incandescent,Severe,232.1,0.4375,88.71,0.875
Incandescent,Severe,229.8,0.4369,86.92,0.862
Incandescent,Severe,231.5,0.438,88.34,0.871
LED,Healthy,229.4,0.0401,6.88,0.746
LED,Healthy,230.7,0.0402,7.11,0.766
LED,Healthy,231.2,0.0401,7.18,0.773
LED,Healthy,228.8,0.04,6.82,0.745
LED,Healthy,232,0.0402,7.24,0.776
LED,Healthy,229.1,0.0401,6.95,0.756
LED,Healthy,230.5,0.0402,7.08,0.764
LED,Healthy,233.1,0.0402,7.33,0.781
LED,Healthy,227.9,0.0403,6.91,0.754
LED,Healthy,231.4,0.0402,7.15,0.769
LED,Healthy,230.2,0.0401,6.74,0.729
LED,Healthy,232.4,0.0403,7.29,0.776
LED,Healthy,229.7,0.0402,7.03,0.76
LED,Healthy,230.8,0.04,7.17,0.777
LED,Healthy,231.6,0.0401,7.06,0.759
LED,Mild,229.8,0.0411,7.22,0.762
LED,Mild,231,0.0413,7.41,0.775
LED,Mild,230.2,0.0415,7.34,0.768
LED,Mild,232.1,0.0412,7.58,0.793
LED,Mild,228.9,0.0414,7.08,0.747
LED,Mild,230.7,0.0416,7.49,0.781
LED,Mild,231.8,0.0415,7.63,0.795
LED,Mild,229.6,0.0413,7.18,0.756
LED,Mild,230.4,0.0417,7.52,0.783
LED,Mild,232.3,0.0414,7.66,0.796
LED,Moderate,229.5,0.0428,7.96,0.81
LED,Moderate,231.2,0.0431,8.22,0.824
LED,Moderate,230.1,0.043,8.04,0.812
LED,Moderate,232.4,0.0434,8.41,0.834
LED,Moderate,228.7,0.0429,7.81,0.795
LED,Moderate,231,0.0432,8.28,0.83
LED,Moderate,230.6,0.0435,8.37,0.834
LED,Moderate,229.4,0.0431,7.99,0.806
LED,Severe,229.9,0.0455,8.74,0.836
LED,Severe,231.6,0.0462,9.05,0.847
LED,Severe,230.8,0.046,8.92,0.841
LED,Severe,232.7,0.0465,9.28,0.857
LED,Severe,228.8,0.0457,8.53,0.817
LED,Severe,231.1,0.0463,9.11,0.85
LED,Severe,230.2,0.0461,8.96,0.844
LED,Severe,232,0.0466,9.32,0.861
Fan,Healthy,223.1,0.3698,52.44,0.636
Fan,Healthy,224,0.3705,52.98,0.638
Fan,Healthy,222.6,0.3692,52.18,0.635
Fan,Healthy,223.8,0.3701,52.91,0.639
Fan,Healthy,221.9,0.3695,51.82,0.632
Fan,Healthy,224.4,0.3699,53.16,0.642
Fan,Healthy,223,0.3706,52.63,0.637
Fan,Healthy,222.7,0.3694,52.02,0.633
Fan,Healthy,223.5,0.3708,52.96,0.639
Fan,Healthy,222.2,0.3698,52.11,0.634
Fan,Healthy,224.1,0.3702,53.04,0.64
Fan,Healthy,223.3,0.3697,52.56,0.637
Fan,Healthy,221.8,0.3704,51.96,0.631
Fan,Healthy,223.9,0.37,53.01,0.639
Fan,Healthy,222.5,0.3696,52.34,0.636
Fan,Mild,223.4,0.3828,55.36,0.646
Fan,Mild,224.2,0.3835,55.88,0.649
Fan,Mild,222.9,0.3841,56.02,0.653
Fan,Mild,223.8,0.3848,56.43,0.655
Fan,Mild,224.5,0.3852,56.94,0.658
Fan,Mild,222.7,0.3839,55.61,0.65
Fan,Mild,223.6,0.3846,56.21,0.654
Fan,Mild,224.1,0.385,56.72,0.657
Fan,Mild,223,0.3834,55.48,0.648
Fan,Mild,222.5,0.3829,55.22,0.647
Fan,Moderate,223.1,0.3998,58.62,0.657
Fan,Moderate,224.6,0.4024,59.88,0.663
Fan,Moderate,223.8,0.4048,60.53,0.667
Fan,Moderate,224.9,0.4069,61.31,0.671
Fan,Moderate,222.7,0.4032,59.14,0.658
Fan,Moderate,223.5,0.4051,60.09,0.664
Fan,Moderate,224.1,0.4074,61.08,0.67
Fan,Moderate,223,0.404,59.55,0.66
Fan,Severe,223.4,0.4278,64.21,0.672
Fan,Severe,224.2,0.431,65.58,0.68
Fan,Severe,222.8,0.4335,66.41,0.687
Fan,Severe,223.9,0.4369,67.66,0.694
Fan,Severe,224.7,0.4391,68.55,0.697
Fan,Severe,223.1,0.4342,66.92,0.69
Fan,Severe,224,0.4375,67.98,0.695
Fan,Severe,222.6,0.4328,66.14,0.685
Incandescent,Healthy,229.2,0.4247,94.15,0.967
Incandescent,Healthy,231.7,0.4248,99.83,1
Incandescent,Healthy,230.2,0.4255,95.74,0.978
Incandescent,Healthy,231,0.4254,95.91,0.976
Incandescent,Healthy,230.8,0.4248,96.24,0.982
Incandescent,Healthy,230.6,0.4251,95.97,0.979
Incandescent,Healthy,231.5,0.4247,96.58,0.982
Incandescent,Healthy,230.7,0.4252,96.57,0.984
Incandescent,Healthy,229.9,0.4255,96.16,0.983
Incandescent,Healthy,230.9,0.425,97.39,0.992
Incandescent,Healthy,231.4,0.4248,97.11,0.988
Incandescent,Healthy,230.6,0.4249,96.34,0.983
Incandescent,Healthy,232.2,0.4252,98.5,0.998
Incandescent,Healthy,230.4,0.4249,98.08,1
Incandescent,Healthy,231.8,0.4253,98.92,1
Incandescent,Healthy,232,0.4247,98.84,1
Incandescent,Healthy,230.5,0.4248,97.86,1
Incandescent,Healthy,232.3,0.4255,99.62,1
Incandescent,Healthy,230.2,0.4256,98.82,1
Incandescent,Healthy,229,0.4251,96.5,0.991
Incandescent,Healthy,230.9,0.425,96.88,0.986
Incandescent,Healthy,231.2,0.4251,97.22,0.989
Incandescent,Healthy,229.8,0.4249,95.84,0.981
Incandescent,Healthy,230.4,0.4252,96.91,0.988
Incandescent,Healthy,231.6,0.4248,97.41,0.991
Incandescent,Mild,229.8,0.4262,95.11,0.972
Incandescent,Mild,230.5,0.4268,94.88,0.965
Incandescent,Mild,231.2,0.4271,95.46,0.967
Incandescent,Mild,230.1,0.4265,94.17,0.958
Incandescent,Mild,229.4,0.4274,93.82,0.954
Incandescent,Mild,231,0.4268,95.63,0.971
Incandescent,Mild,232.1,0.427,96.11,0.972
Incandescent,Mild,229.9,0.4267,94.56,0.962
Incandescent,Moderate,229.2,0.4292,91.55,0.93
Incandescent,Moderate,230.8,0.4301,92.83,0.936
Incandescent,Moderate,231.4,0.4297,93.24,0.939
Incandescent,Moderate,230.1,0.4308,91.04,0.918
Incandescent,Moderate,229.7,0.431,90.87,0.916
Incandescent,Moderate,231.2,0.4302,92.76,0.933
Incandescent,Severe,228.8,0.4348,87.12,0.876
Incandescent,Severe,230.5,0.4351,88.41,0.882
Incandescent,Severe,231,0.436,86.95,0.863
Incandescent,Severe,229.6,0.4354,87.32,0.872
Incandescent,Severe,230.9,0.4365,88.26,0.875
LED,Healthy,228.6,0.0401,6.74,0.735
LED,Healthy,229.8,0.0401,6.84,0.742
LED,Healthy,230.4,0.0401,7.12,0.77
LED,Healthy,231.3,0.0402,7.21,0.776
LED,Healthy,231,0.04,6.89,0.745
LED,Healthy,225.8,0.0402,7.16,0.789
LED,Healthy,233.4,0.0402,7.34,0.782
LED,Healthy,230.3,0.0402,7.09,0.766
LED,Healthy,236.6,0.0403,7.34,0.771
LED,Healthy,230.1,0.0402,6.59,0.712
LED,Healthy,232.9,0.0402,7.23,0.772
LED,Healthy,230.8,0.0402,7.03,0.758
LED,Healthy,231,0.0403,7.07,0.761
LED,Healthy,225.6,0.0403,7.15,0.787
LED,Healthy,232.1,0.0403,7.18,0.768
LED,Healthy,231.5,0.0401,7.18,0.775
LED,Healthy,232.5,0.04,7.22,0.775
LED,Healthy,230.3,0.04,7.36,0.799
LED,Healthy,231.4,0.04,7.28,0.787
LED,Healthy,230.5,0.0402,8.3,0.896
LED,Healthy,229.9,0.0402,8.06,0.872
LED,Healthy,233.2,0.0402,8.41,0.899
LED,Healthy,231.9,0.0402,8.44,0.906
LED,Healthy,230.7,0.0402,8.41,0.906
LED,Healthy,231.2,0.0401,8.24,0.888
LED,Mild,229.4,0.041,7.28,0.772
LED,Mild,230.1,0.0412,7.41,0.78
LED,Mild,231.6,0.0411,7.36,0.773
LED,Mild,228.8,0.0413,7.09,0.751
LED,Mild,230.9,0.0414,7.58,0.794
LED,Mild,232.2,0.0412,7.46,0.782
LED,Mild,229.5,0.0415,7.21,0.757
LED,Mild,231,0.0413,7.63,0.799
LED,Moderate,229.8,0.0425,7.84,0.801
LED,Moderate,231.2,0.0428,8.01,0.809
LED,Moderate,232,0.0431,8.19,0.82
LED,Moderate,228.9,0.0429,7.72,0.785
LED,Moderate,230.4,0.0433,8.32,0.835
LED,Moderate,231.6,0.043,8.11,0.816
LED,Severe,229.4,0.0452,8.66,0.835
LED,Severe,230.8,0.0458,8.94,0.845
LED,Severe,231.9,0.0461,9.08,0.849
LED,Severe,228.7,0.0455,8.51,0.817
LED,Severe,232.4,0.0464,9.22,0.855
Fan,Healthy,225.6,0.3763,51.34,0.605
Fan,Healthy,240.1,0.4014,61.78,0.641
Fan,Healthy,241.4,0.3971,62.08,0.648
Fan,Healthy,240,0.3921,60.5,0.643
Fan,Healthy,240.8,0.3896,59.53,0.635
Fan,Healthy,239.6,0.3865,59.36,0.641
Fan,Healthy,241.2,0.3863,59.96,0.644
Fan,Healthy,240.4,0.3833,58.18,0.631
Fan,Healthy,241.3,0.38,59.54,0.649
Fan,Healthy,237.9,0.3796,57.04,0.632
Fan,Healthy,241.2,0.3777,57.86,0.635
Fan,Healthy,239.7,0.3787,58.4,0.643
Fan,Healthy,242.1,0.3789,59.2,0.645
Fan,Healthy,240.9,0.3775,58.85,0.647
Fan,Healthy,242.6,0.3776,58.89,0.643
Fan,Healthy,241.9,0.377,59.14,0.649
Fan,Healthy,242.6,0.3754,58.98,0.648
Fan,Healthy,240.3,0.3758,58.26,0.645
Fan,Healthy,223.6,0.3694,53.38,0.646
Fan,Healthy,223.5,0.3701,53.12,0.642
Fan,Healthy,223.9,0.3689,53.36,0.646
Fan,Healthy,221.2,0.3697,53.18,0.65
Fan,Healthy,222.5,0.3688,53.29,0.65
Fan,Healthy,222.3,0.3693,53.29,0.649
Fan,Healthy,220.8,0.3708,52.31,0.639
Fan,Mild,223.4,0.3812,54.91,0.644
Fan,Mild,224.1,0.3826,55.42,0.646
Fan,Mild,222.8,0.3831,55.66,0.651
Fan,Mild,223.9,0.3842,56.04,0.652
Fan,Mild,224.5,0.3838,55.91,0.649
Fan,Mild,222.9,0.3827,55.31,0.647
Fan,Mild,223.6,0.3844,56.42,0.656
Fan,Mild,224.2,0.3851,56.8,0.658
Fan,Moderate,223,0.3975,58.21,0.656
Fan,Moderate,224.4,0.4012,59.62,0.662
Fan,Moderate,223.7,0.4041,60.18,0.665
Fan,Moderate,224.8,0.4064,61.02,0.668
Fan,Moderate,222.9,0.4035,59.31,0.659
Fan,Moderate,223.5,0.4057,60.44,0.666
Fan,Severe,223.2,0.4261,63.84,0.671
Fan,Severe,224,0.4298,65.22,0.677
Fan,Severe,222.5,0.4324,66.18,0.686
Fan,Severe,223.7,0.4355,67.41,0.692
Fan,Severe,224.4,0.4382,68.2,0.695
LED,Healthy,228.6,0.0401,6.74,0.735
LED,Healthy,229.8,0.0401,6.84,0.742
LED,Healthy,230.4,0.0401,7.12,0.77
LED,Healthy,231.3,0.0402,7.21,0.776
LED,Healthy,231,0.04,6.89,0.745
LED,Healthy,228.5,0.0401,6.76,0.737
LED,Healthy,225.8,0.0402,7.16,0.789
LED,Healthy,231,0.0402,7.26,0.782
LED,Healthy,224.7,0.0403,6.78,0.749
LED,Healthy,230.5,0.0402,6.78,0.731
LED,Healthy,233.4,0.0402,7.34,0.782
LED,Healthy,231.8,0.0402,7.01,0.753
LED,Healthy,230.3,0.0402,7.09,0.766
LED,Healthy,229.1,0.0403,6.99,0.758
LED,Healthy,236.6,0.0403,7.34,0.771
LED,Healthy,230.1,0.0402,6.59,0.712
LED,Healthy,229.1,0.0402,7.02,0.762
LED,Healthy,231.4,0.0402,6.95,0.748
LED,Healthy,232.9,0.0402,7.23,0.772
LED,Healthy,226.9,0.0403,6.7,0.733
LED,Healthy,231.8,0.0402,7.01,0.753
LED,Healthy,230.3,0.0402,7.09,0.766
LED,Healthy,229.1,0.0403,6.99,0.758
LED,Healthy,236.6,0.0403,7.34,0.771
LED,Healthy,230.1,0.0402,6.59,0.712
LED,Healthy,229.1,0.0402,7.02,0.762
LED,Healthy,231.4,0.0402,6.95,0.748
LED,Healthy,232.9,0.0402,7.23,0.772
LED,Healthy,226.9,0.0403,6.7,0.733
LED,Healthy,230.8,0.0402,7.03,0.758
LED,Healthy,231,0.0403,7.07,0.761
LED,Healthy,228.7,0.0402,6.86,0.745
LED,Healthy,230.1,0.0402,7.04,0.761
LED,Healthy,230.6,0.0402,7.14,0.769
LED,Healthy,230.2,0.0402,6.69,0.722
LED,Healthy,233.3,0.0403,7.2,0.766
LED,Healthy,231,0.0403,7.14,0.768
LED,Healthy,225.6,0.0403,7.15,0.787
LED,Healthy,228.5,0.0403,6.89,0.748
LED,Healthy,230.5,0.0403,6.9,0.742
LED,Healthy,232.1,0.0402,6.91,0.74
LED,Healthy,231.4,0.0402,7.04,0.756
LED,Healthy,232.1,0.0403,7.18,0.768
LED,Healthy,231.9,0.0402,7.16,0.767
LED,Healthy,230.6,0.0402,7.14,0.769
LED,Healthy,230.2,0.0402,6.69,0.722
LED,Healthy,233.3,0.0403,7.2,0.766
LED,Healthy,231,0.0403,7.14,0.768
LED,Healthy,225.6,0.0403,7.15,0.787
LED,Healthy,228.5,0.0403,6.89,0.748
LED,Healthy,230.5,0.0403,6.9,0.742
LED,Healthy,232.1,0.0402,6.91,0.74
LED,Healthy,231.4,0.0402,7.04,0.756
LED,Healthy,232.1,0.0403,7.18,0.768
LED,Healthy,231.9,0.0402,7.16,0.767
LED,Healthy,231.1,0.0402,6.77,0.728
LED,Healthy,230.2,0.0403,6.76,0.729
LED,Healthy,228.7,0.0403,6.82,0.741
LED,Healthy,230.3,0.0403,7.05,0.76
LED,Healthy,230.4,0.0403,7.02,0.757
LED,Healthy,228.1,0.0403,6.82,0.743
LED,Healthy,229.9,0.0402,6.91,0.747
LED,Healthy,231.5,0.0402,7.16,0.77
LED,Healthy,231.7,0.0403,6.92,0.742
LED,Healthy,230.1,0.0403,6.93,0.748
LED,Healthy,229,0.0402,7,0.76
LED,Healthy,228.4,0.0402,6.92,0.752
LED,Healthy,230.3,0.0403,7.05,0.76
LED,Healthy,228.4,0.0403,6.87,0.747
LED,Healthy,228.4,0.0402,6.92,0.752
LED,Healthy,230.3,0.0403,7.05,0.76
LED,Healthy,228.4,0.0403,6.87,0.747
LED,Healthy,228.9,0.0402,6.96,0.757
LED,Healthy,232.3,0.0402,7.15,0.766
LED,Healthy,228.9,0.0403,6.83,0.741
LED,Healthy,232.5,0.0402,7.26,0.776
LED,Healthy,229.9,0.0402,6.8,0.735
LED,Healthy,231.6,0.0403,7.16,0.767
LED,Healthy,227.6,0.0403,6.9,0.753
LED,Healthy,228.5,0.0403,7.02,0.763
LED,Healthy,229.4,0.0402,6.98,0.757
LED,Healthy,231.3,0.0403,7.11,0.763
LED,Healthy,229.6,0.0402,7.08,0.767
LED,Healthy,227.1,0.0402,6.96,0.761
LED,Healthy,229.2,0.0402,7.16,0.776
LED,Healthy,230.3,0.0402,6.95,0.751
LED,Healthy,228.6,0.0402,7.12,0.774
LED,Healthy,230.3,0.0402,6.97,0.754
LED,Healthy,230.9,0.0402,7.11,0.767
LED,Healthy,228.7,0.0402,6.65,0.722
LED,Healthy,233,0.0403,7.07,0.753
LED,Healthy,228.8,0.04,6.98,0.763
LED,Healthy,230.9,0.04,6.94,0.752
LED,Healthy,229.4,0.0402,6.98,0.757
LED,Healthy,231.3,0.0403,7.11,0.763
LED,Healthy,229.6,0.0402,7.08,0.767
LED,Healthy,227.1,0.0402,6.96,0.761
LED,Healthy,229.2,0.0402,7.16,0.776
LED,Healthy,230.3,0.0402,6.95,0.751
LED,Healthy,228.6,0.0402,7.12,0.774
LED,Healthy,230.3,0.0402,6.97,0.754
LED,Healthy,230.9,0.0402,7.11,0.767
LED,Healthy,228.7,0.0402,6.65,0.722
LED,Healthy,233,0.0403,7.07,0.753
LED,Healthy,228.8,0.04,6.98,0.763
LED,Healthy,230.9,0.04,6.94,0.752
LED,Healthy,232.6,0.0401,7.16,0.768
LED,Healthy,230.1,0.0402,6.81,0.737
LED,Healthy,232.7,0.0401,7.19,0.77
LED,Healthy,230.6,0.0401,6.79,0.735
LED,Healthy,234,0.0401,7.25,0.773
LED,Healthy,230.4,0.0401,6.8,0.736
LED,Healthy,231.4,0.0401,7.18,0.775
LED,Healthy,231.5,0.0401,6.72,0.724
LED,Healthy,228.9,0.04,7.01,0.765
LED,Healthy,232,0.04,7.2,0.775
LED,Healthy,228.7,0.0401,6.73,0.735
LED,Healthy,232.6,0.04,7.03,0.755
LED,Healthy,229.9,0.04,6.84,0.744
LED,Healthy,230.2,0.04,6.77,0.735
LED,Healthy,227.9,0.04,7.09,0.778
LED,Healthy,232.5,0.04,7.22,0.775
LED,Healthy,233.4,0.04,7.37,0.789
LED,Healthy,232.6,0.04,7.03,0.755
LED,Healthy,229.9,0.04,6.84,0.744
LED,Healthy,230.2,0.04,6.77,0.735
LED,Healthy,227.9,0.04,7.09,0.778
LED,Healthy,232.5,0.04,7.22,0.775
LED,Healthy,233.4,0.04,7.37,0.789
LED,Healthy,231.2,0.0401,6.86,0.74
LED,Healthy,229.1,0.04,6.75,0.737
LED,Healthy,231,0.04,6.98,0.755
LED,Healthy,231.4,0.04,7.28,0.787
LED,Healthy,232.5,0.04,7.18,0.773
LED,Healthy,230.7,0.04,6.86,0.742
LED,Healthy,228,0.04,6.77,0.743
LED,Healthy,230.3,0.04,7.16,0.777
LED,Healthy,231.4,0.0399,6.99,0.757
LED,Healthy,230.2,0.0399,6.86,0.747
LED,Healthy,229.3,0.0399,6.86,0.749
LED,Healthy,230.2,0.04,7.2,0.782
LED,Healthy,230.9,0.0399,7.17,0.777
LED,Healthy,230.8,0.04,7.18,0.778
LED,Healthy,231.1,0.0401,6.93,0.748
LED,Healthy,231.4,0.0401,6.93,0.747
LED,Healthy,228.9,0.0401,6.8,0.741
LED,Healthy,229.3,0.04,7,0.762
LED,Healthy,232.1,0.0401,7.23,0.778
LED,Healthy,232.4,0.04,7.07,0.761
LED,Healthy,231.4,0.0399,6.99,0.757
LED,Healthy,230.2,0.0399,6.86,0.747
LED,Healthy,229.3,0.0399,6.86,0.749
LED,Healthy,230.2,0.04,7.2,0.782
LED,Healthy,230.9,0.0399,7.17,0.777
LED,Healthy,230.8,0.04,7.18,0.778
LED,Healthy,231.1,0.0401,6.93,0.748
LED,Healthy,231.4,0.0401,6.93,0.747
LED,Healthy,228.9,0.0401,6.8,0.741
LED,Healthy,229.3,0.04,7,0.762
LED,Healthy,232.1,0.0401,7.23,0.778
LED,Healthy,232.4,0.04,7.07,0.761
LED,Healthy,229.9,0.0401,6.86,0.744
LED,Healthy,231.3,0.0401,7.16,0.772
LED,Healthy,232,0.04,7.02,0.756
LED,Healthy,230.2,0.04,6.8,0.738
LED,Healthy,226.7,0.04,6.82,0.752
LED,Healthy,230.5,0.04,7.04,0.762
LED,Healthy,235.7,0.04,7.12,0.755
LED,Healthy,232.7,0.0401,6.8,0.729
LED,Healthy,229.3,0.0401,6.89,0.75
LED,Healthy,228.6,0.0401,6.85,0.748
LED,Healthy,229,0.04,7.05,0.769
LED,Healthy,230.3,0.04,7.36,0.799
LED,Healthy,232.5,0.0399,7.12,0.767
LED,Healthy,229.7,0.04,6.91,0.754
LED,Healthy,229.7,0.04,6.73,0.733
LED,Healthy,228.5,0.04,6.71,0.735
LED,Healthy,228.6,0.04,6.96,0.761
LED,Healthy,231,0.04,7.18,0.778
LED,Healthy,231.9,0.04,7.17,0.774
LED,Healthy,231.4,0.0401,7.18,0.775
LED,Healthy,231.5,0.0401,6.72,0.724
LED,Healthy,228.9,0.04,7.01,0.765
LED,Healthy,232,0.04,7.2,0.775
LED,Healthy,228.7,0.0401,6.73,0.735
LED,Healthy,232.6,0.04,7.03,0.755
LED,Healthy,229.9,0.04,6.84,0.744
LED,Healthy,230.2,0.04,6.77,0.735
LED,Healthy,227.9,0.04,7.09,0.778
LED,Healthy,232.5,0.04,7.22,0.775
LED,Healthy,233.4,0.04,7.37,0.789
LED,Healthy,231.2,0.0401,6.86,0.74
LED,Healthy,229.1,0.04,6.75,0.737
LED,Healthy,231,0.04,6.98,0.755
LED,Healthy,231.4,0.04,7.28,0.787
LED,Healthy,232.5,0.04,7.18,0.773
LED,Healthy,230.7,0.04,6.86,0.742
LED,Healthy,228,0.04,6.77,0.743
LED,Healthy,230.3,0.04,7.16,0.777
LED,Healthy,231.4,0.0399,6.99,0.757
LED,Healthy,230.2,0.0399,6.86,0.747
LED,Healthy,229.3,0.0399,6.86,0.749
LED,Healthy,230.2,0.04,7.2,0.782
LED,Healthy,230.9,0.0399,7.17,0.777
LED,Healthy,230.8,0.04,7.18,0.778
LED,Healthy,231.1,0.0401,6.93,0.748
LED,Healthy,231.4,0.0401,6.93,0.747
LED,Healthy,228.9,0.0401,6.8,0.741
LED,Healthy,229.3,0.04,7,0.762
LED,Healthy,232.1,0.0401,7.23,0.778
LED,Healthy,232.4,0.04,7.07,0.761
LED,Healthy,229.9,0.0401,6.86,0.744
LED,Healthy,231.9,0.0399,7.11,0.768
LED,Healthy,230.7,0.0399,7.2,0.783
LED,Healthy,233.9,0.04,7.11,0.761
LED,Healthy,230.9,0.04,6.7,0.726
LED,Healthy,226.4,0.0401,6.72,0.74
LED,Healthy,231.4,0.0402,7.13,0.767
LED,Healthy,231.4,0.0401,7.03,0.758
LED,Healthy,229.4,0.0401,6.68,0.726
LED,Healthy,231.1,0.0401,7.12,0.769
LED,Healthy,229.6,0.0401,7.22,0.784
LED,Healthy,226.5,0.0401,6.62,0.728
LED,Healthy,230.7,0.04,7.3,0.791
LED,Healthy,231.6,0.04,7,0.756
LED,Healthy,229.6,0.04,7.04,0.766
LED,Healthy,231.2,0.04,7,0.756
LED,Healthy,231.5,0.04,7.31,0.789
LED,Healthy,230.8,0.0401,7.03,0.76
LED,Healthy,229.9,0.0401,6.76,0.733
LED,Healthy,230.7,0.04,7.1,0.769
LED,Healthy,232,0.0399,7.24,0.781
LED,Healthy,232.8,0.0399,7.23,0.778
LED,Healthy,233.5,0.04,6.84,0.733
LED,Healthy,228.3,0.04,6.72,0.737
LED,Healthy,231.1,0.0401,7.11,0.767
LED,Healthy,231.4,0.04,7.26,0.784
LED,Healthy,231.3,0.0399,6.92,0.749
LED,Healthy,230,0.04,6.83,0.742
LED,Healthy,230.8,0.04,7.13,0.772
LED,Healthy,231.3,0.0401,7.05,0.761
LED,Healthy,230.5,0.0401,6.56,0.709
LED,Healthy,231.5,0.04,6.91,0.745
LED,Healthy,229.6,0.0399,6.88,0.75
LED,Healthy,230.5,0.0402,8.3,0.896
LED,Healthy,229.9,0.0402,8.06,0.872
LED,Healthy,233.2,0.0402,8.41,0.899
LED,Healthy,227.9,0.0402,7.9,0.862
LED,Healthy,232.9,0.0402,8.41,0.897
LED,Healthy,229.1,0.0402,7.92,0.861
LED,Healthy,230.6,0.0402,8.46,0.913
LED,Healthy,231,0.0402,7.91,0.851
LED,Healthy,231,0.0402,7.99,0.861
LED,Healthy,229.3,0.0402,8.23,0.893
LED,Healthy,231.3,0.0402,8.01,0.861
LED,Healthy,230.6,0.0402,8.01,0.864
LED,Healthy,231.8,0.0401,8.3,0.893
LED,Healthy,227,0.0402,7.86,0.861
LED,Healthy,232.1,0.0402,8.28,0.886
LED,Healthy,227.1,0.0402,7.95,0.871
LED,Healthy,229.6,0.0402,8.11,0.878
LED,Healthy,228.7,0.0403,8.12,0.882
LED,Healthy,231.9,0.0402,8.44,0.906
LED,Healthy,231.2,0.0402,8.18,0.881
LED,Healthy,229,0.0402,8.02,0.87
LED,Healthy,228.4,0.0402,7.9,0.861
LED,Healthy,229.6,0.0403,8.02,0.868
LED,Healthy,229.4,0.0403,8.29,0.897
LED,Healthy,228.9,0.0403,8.26,0.897
LED,Healthy,231.6,0.0403,8.49,0.91
LED,Healthy,238.9,0.0402,8.54,0.888
LED,Healthy,231.2,0.0402,8.1,0.871
LED,Healthy,230,0.0402,7.97,0.863
LED,Healthy,229.7,0.0403,8.22,0.889
LED,Healthy,226.2,0.0403,8.03,0.881
LED,Healthy,230.2,0.0403,8.07,0.87
LED,Healthy,230.5,0.0402,8.14,0.878
LED,Healthy,230.4,0.0402,8.17,0.882
LED,Healthy,230.2,0.0402,8.21,0.886
LED,Healthy,230.8,0.0403,8.19,0.882
LED,Healthy,230.5,0.0402,8.42,0.907
LED,Healthy,233.4,0.0402,8.22,0.877
LED,Healthy,226.5,0.0402,8.15,0.895
LED,Healthy,231.5,0.0402,8.22,0.883
LED,Healthy,230.7,0.0402,8.28,0.893
LED,Healthy,229.2,0.0402,8.16,0.886
LED,Healthy,229.5,0.0402,8.15,0.883
LED,Healthy,230.2,0.0402,8.36,0.903
LED,Healthy,231.3,0.0402,8.21,0.882
LED,Healthy,228.5,0.0402,8.18,0.889
LED,Healthy,230.1,0.0402,8.18,0.884
LED,Healthy,231.2,0.0402,8.28,0.89
LED,Healthy,230.8,0.0402,8.23,0.887
LED,Healthy,230.1,0.0402,8.23,0.891
LED,Healthy,229.6,0.0402,8.26,0.895
LED,Healthy,230.4,0.0402,8.21,0.888
LED,Healthy,231.1,0.0402,7.97,0.858
LED,Healthy,230.5,0.0402,8.21,0.886
LED,Healthy,230.8,0.0402,8.38,0.904
LED,Healthy,227.9,0.0402,8.31,0.907
LED,Healthy,229.4,0.0402,8.11,0.879
LED,Healthy,230.2,0.0402,8.25,0.891
LED,Healthy,231.1,0.0402,8.17,0.879
LED,Healthy,230.1,0.0402,8.18,0.884
LED,Healthy,230.5,0.0402,8.14,0.878
LED,Healthy,230.6,0.0403,8.18,0.881
LED,Healthy,229.4,0.0402,8.02,0.87
LED,Healthy,234,0.0401,8.49,0.905
LED,Healthy,233.8,0.0402,8.02,0.852
LED,Healthy,226.9,0.0402,8.09,0.887
LED,Healthy,230.7,0.0403,8.2,0.882
LED,Healthy,232.4,0.0402,8.26,0.883
LED,Healthy,230.5,0.0402,8.38,0.905
LED,Healthy,230.9,0.0402,8.41,0.907
LED,Healthy,231.8,0.0402,8.37,0.899
LED,Healthy,230.9,0.0402,8.44,0.91
LED,Healthy,229.7,0.0402,8.23,0.891
LED,Healthy,229.8,0.0401,8.05,0.874
LED,Healthy,231.1,0.0403,8.18,0.88
LED,Healthy,225.8,0.0402,8.16,0.899
LED,Healthy,228.6,0.0402,8.12,0.885
LED,Healthy,230.3,0.0402,8.09,0.874
LED,Healthy,230.1,0.0401,8.37,0.906
LED,Healthy,230.2,0.0402,8.25,0.891
LED,Healthy,230.4,0.0402,8.1,0.875
LED,Healthy,230.6,0.0402,8.21,0.884
LED,Healthy,231.2,0.0402,8.39,0.902
LED,Healthy,230.2,0.0402,8.23,0.889
LED,Healthy,229.2,0.0402,8.12,0.881
LED,Healthy,231.4,0.0403,8.4,0.901
LED,Healthy,230.2,0.0402,8.25,0.891
LED,Healthy,230.4,0.0402,8.1,0.875
LED,Healthy,230.6,0.0402,8.21,0.884
LED,Healthy,231.2,0.0402,8.39,0.902
LED,Healthy,230.2,0.0402,8.23,0.889
LED,Healthy,229.2,0.0402,8.12,0.881
LED,Healthy,231.4,0.0403,8.4,0.901
LED,Healthy,230.7,0.0402,8.39,0.905
LED,Healthy,231.3,0.0403,8.22,0.882
LED,Healthy,229.4,0.0403,7.97,0.862
LED,Healthy,230.8,0.0401,8.37,0.904
LED,Healthy,229.7,0.0402,8.1,0.876
LED,Healthy,230.7,0.0403,8.17,0.88
LED,Healthy,230.6,0.0402,8.37,0.903
LED,Healthy,228.9,0.0402,8.03,0.873
LED,Healthy,228.3,0.0402,7.99,0.872
LED,Healthy,229.2,0.0402,8.19,0.888
LED,Healthy,230.7,0.0402,8.41,0.906
LED,Healthy,231.7,0.0402,8.36,0.897
LED,Healthy,231.1,0.0403,8.09,0.87
LED,Healthy,227.8,0.0402,7.99,0.873
LED,Healthy,231,0.0402,8.37,0.901
LED,Healthy,232.1,0.0402,8.19,0.877
LED,Healthy,228,0.0402,8,0.872
LED,Healthy,230.3,0.0401,8.3,0.899
LED,Healthy,231,0.0402,8.18,0.882
LED,Healthy,229,0.0401,8.09,0.88
LED,Healthy,231.2,0.0401,8.24,0.888
Fan,Healthy,225.6,0.3763,51.34,0.605
Fan,Healthy,240.1,0.4014,61.78,0.641
Fan,Healthy,241.4,0.3971,62.08,0.648
Fan,Healthy,241.5,0.3937,61.33,0.645
Fan,Healthy,240.3,0.3936,60.67,0.641
Fan,Healthy,240,0.3921,60.5,0.643
Fan,Healthy,240.3,0.3908,60.68,0.646
Fan,Healthy,240.9,0.3902,60.52,0.644
Fan,Healthy,240.4,0.3899,60.15,0.642
Fan,Healthy,240.7,0.3902,60.08,0.64
Fan,Healthy,240.8,0.3896,59.53,0.635
Fan,Healthy,240,0.3882,59.17,0.635
Fan,Healthy,240.7,0.3876,59.56,0.639
Fan,Healthy,240.5,0.3873,58.97,0.633
Fan,Healthy,239.4,0.3871,58.89,0.635
Fan,Healthy,239.6,0.3865,59.36,0.641
Fan,Healthy,241.2,0.3863,59.96,0.644
Fan,Healthy,241.7,0.3854,59.86,0.643
Fan,Healthy,240.3,0.3857,59.34,0.64
Fan,Healthy,240.4,0.3833,58.18,0.631
Fan,Healthy,240.2,0.3831,58.36,0.634
Fan,Healthy,240.9,0.3836,59.01,0.638
Fan,Healthy,241.8,0.3822,59.2,0.64
Fan,Healthy,241.1,0.3821,59.47,0.646
Fan,Healthy,238.6,0.3824,58.32,0.639
Fan,Healthy,239.7,0.3806,57.43,0.629
Fan,Healthy,241.3,0.38,59.54,0.649
Fan,Healthy,238.3,0.3803,56.96,0.629
Fan,Healthy,241.9,0.3805,59.73,0.649
Fan,Healthy,237.9,0.3796,57.04,0.632
Fan,Healthy,241.9,0.3792,58.91,0.642
Fan,Healthy,239.1,0.3784,58.11,0.642
Fan,Healthy,241.2,0.3777,57.86,0.635
Fan,Healthy,238.8,0.3784,57.79,0.639
Fan,Healthy,241.7,0.3784,58.41,0.639
Fan,Healthy,239.7,0.3787,58.4,0.643
Fan,Healthy,239.6,0.3782,57.03,0.629
Fan,Healthy,242.1,0.3789,59.2,0.645
Fan,Healthy,238,0.3778,56.95,0.633
Fan,Healthy,242.3,0.3788,58.82,0.641
Fan,Healthy,238.3,0.3777,57.64,0.641
Fan,Healthy,241.5,0.3768,57.56,0.632
Fan,Healthy,240.9,0.3775,58.85,0.647
Fan,Healthy,238.8,0.3774,56.73,0.63
Fan,Healthy,241,0.378,57.89,0.635
Fan,Healthy,242.3,0.3774,59.37,0.649
Fan,Healthy,238.3,0.3777,57.36,0.637
Fan,Healthy,240.8,0.3781,57.59,0.632
Fan,Healthy,242.6,0.3776,58.89,0.643
Fan,Healthy,239.1,0.3756,57.89,0.644
Fan,Healthy,239.5,0.3754,56.45,0.628
Fan,Healthy,241.2,0.3762,57.76,0.637
Fan,Healthy,241.9,0.377,59.14,0.649
Fan,Healthy,241.7,0.3784,58.41,0.639
Fan,Healthy,239.7,0.3787,58.4,0.643
Fan,Healthy,239.6,0.3782,57.03,0.629
Fan,Healthy,242.1,0.3789,59.2,0.645
Fan,Healthy,238,0.3778,56.95,0.633
Fan,Healthy,242.3,0.3788,58.82,0.641
Fan,Healthy,238.3,0.3777,57.64,0.641
Fan,Healthy,241.5,0.3768,57.56,0.632
Fan,Healthy,240.9,0.3775,58.85,0.647
Fan,Healthy,238.8,0.3774,56.73,0.63
Fan,Healthy,241,0.378,57.89,0.635
Fan,Healthy,242.3,0.3774,59.37,0.649
Fan,Healthy,238.3,0.3777,57.36,0.637
Fan,Healthy,240.8,0.3781,57.59,0.632
Fan,Healthy,242.6,0.3776,58.89,0.643
Fan,Healthy,239.1,0.3756,57.89,0.644
Fan,Healthy,239.5,0.3754,56.45,0.628
Fan,Healthy,241.2,0.3762,57.76,0.637
Fan,Healthy,241.9,0.377,59.14,0.649
Fan,Healthy,238.5,0.3769,56.8,0.632
Fan,Healthy,241.4,0.3774,57.73,0.634
Fan,Healthy,242.6,0.3772,58.88,0.643
Fan,Healthy,239.5,0.3763,58,0.643
Fan,Healthy,239.4,0.3749,56.48,0.629
Fan,Healthy,241.4,0.3757,57.64,0.636
Fan,Healthy,242.6,0.3754,58.98,0.648
Fan,Healthy,238.9,0.3762,57.27,0.637
Fan,Healthy,240.5,0.3768,57.09,0.63
Fan,Healthy,242.7,0.3766,58.49,0.64
Fan,Healthy,240.3,0.3758,58.26,0.645
Fan,Healthy,238.9,0.3762,56.59,0.63
Fan,Healthy,240.5,0.3763,57.01,0.63
Fan,Healthy,222.9,0.3705,52.43,0.635
Fan,Healthy,223.2,0.3708,53,0.641
Fan,Healthy,223.2,0.3703,52.76,0.638
Fan,Healthy,223.3,0.3703,52.58,0.636
Fan,Healthy,224,0.3715,53.03,0.637
Fan,Healthy,222.5,0.3703,52.49,0.637
Fan,Healthy,223.4,0.3698,52.55,0.636
Fan,Healthy,223.2,0.3705,52.88,0.639
Fan,Healthy,223,0.3711,52.51,0.635
Fan,Healthy,223.4,0.3702,52.85,0.639
Fan,Healthy,222.8,0.3703,52.28,0.634
Fan,Healthy,223.9,0.371,52.99,0.638
Fan,Healthy,222.5,0.3712,52.94,0.641
Fan,Healthy,221.6,0.3707,51.86,0.631
Fan,Healthy,223.8,0.3698,52.42,0.633
Fan,Healthy,223.6,0.3694,53.38,0.646
Fan,Healthy,222.1,0.3697,52.3,0.637
Fan,Healthy,222.4,0.3699,51.92,0.631
Fan,Healthy,224.8,0.3686,52.87,0.638
Fan,Healthy,222.9,0.3698,52.71,0.639
Fan,Healthy,222.2,0.3694,51.99,0.633
Fan,Healthy,223.8,0.3698,52.62,0.636
Fan,Healthy,222.4,0.3705,52.59,0.638
Fan,Healthy,221.7,0.3697,51.92,0.633
Fan,Healthy,223.5,0.3701,53.12,0.642
Fan,Healthy,222.3,0.3703,52.34,0.636
Fan,Healthy,223.2,0.3696,52.17,0.632
Fan,Healthy,223.1,0.3678,52.31,0.637
Fan,Healthy,222.1,0.3697,52.3,0.637
Fan,Healthy,222.4,0.3699,51.92,0.631
Fan,Healthy,224.8,0.3686,52.87,0.638
Fan,Healthy,222.9,0.3698,52.71,0.639
Fan,Healthy,222.2,0.3694,51.99,0.633
Fan,Healthy,223.8,0.3698,52.62,0.636
Fan,Healthy,222.4,0.3705,52.59,0.638
Fan,Healthy,221.7,0.3697,51.92,0.633
Fan,Healthy,223.5,0.3701,53.12,0.642
Fan,Healthy,222.3,0.3703,52.34,0.636
Fan,Healthy,223.2,0.3696,52.17,0.632
Fan,Healthy,223.1,0.3678,52.31,0.637
Fan,Healthy,222.5,0.3664,51.57,0.633
Fan,Healthy,224,0.3683,52.76,0.64
Fan,Healthy,222.3,0.369,52.01,0.634
Fan,Healthy,222.8,0.3705,52.25,0.633
Fan,Healthy,222.5,0.3715,52.82,0.639
Fan,Healthy,222.9,0.3714,52.65,0.636
Fan,Healthy,222.4,0.3711,52.44,0.635
Fan,Healthy,222.8,0.3721,52.59,0.634
Fan,Healthy,222.1,0.3718,52.64,0.637
Fan,Healthy,222,0.371,52.19,0.634
Fan,Healthy,222.5,0.3712,52.9,0.64
Fan,Healthy,222.4,0.3709,52.42,0.636
Fan,Healthy,222.8,0.3697,52.52,0.638
Fan,Healthy,222.6,0.37,52.32,0.635
Fan,Healthy,222.2,0.3706,52.45,0.637
Fan,Healthy,222.8,0.3705,52.25,0.633
Fan,Healthy,222.5,0.3715,52.82,0.639
Fan,Healthy,222.9,0.3714,52.65,0.636
Fan,Healthy,222.4,0.3711,52.44,0.635
Fan,Healthy,222.8,0.3721,52.59,0.634
Fan,Healthy,222.1,0.3718,52.64,0.637
Fan,Healthy,222,0.371,52.19,0.634
Fan,Healthy,222.5,0.3712,52.9,0.64
Fan,Healthy,222.4,0.3709,52.42,0.636
Fan,Healthy,222.8,0.3697,52.52,0.638
Fan,Healthy,222.6,0.37,52.32,0.635
Fan,Healthy,222.2,0.3706,52.45,0.637
Fan,Healthy,222.3,0.37,52.15,0.634
Fan,Healthy,222.6,0.3711,52.91,0.64
Fan,Healthy,222.7,0.3711,52.58,0.636
Fan,Healthy,222.7,0.3703,52.51,0.637
Fan,Healthy,222.9,0.3701,52.48,0.636
Fan,Healthy,222.4,0.3717,52.68,0.637
Fan,Healthy,222.4,0.3708,52.43,0.636
Fan,Healthy,223,0.3715,52.87,0.638
Fan,Healthy,223.1,0.3706,52.69,0.637
Fan,Healthy,222.9,0.3698,52.28,0.634
Fan,Healthy,223.6,0.3708,52.87,0.638
Fan,Healthy,222.3,0.37,52.21,0.635
Fan,Healthy,222.8,0.3696,51.98,0.631
Fan,Healthy,223.9,0.3689,53.36,0.646
Fan,Healthy,222.7,0.3692,52.58,0.64
Fan,Healthy,222.7,0.3703,52.51,0.637
Fan,Healthy,222.9,0.3701,52.48,0.636
Fan,Healthy,222.4,0.3717,52.68,0.637
Fan,Healthy,222.4,0.3708,52.43,0.636
Fan,Healthy,223,0.3715,52.87,0.638
Fan,Healthy,223.1,0.3706,52.69,0.637
Fan,Healthy,222.9,0.3698,52.28,0.634
Fan,Healthy,223.6,0.3708,52.87,0.638
Fan,Healthy,222.3,0.37,52.21,0.635
Fan,Healthy,222.8,0.3696,51.98,0.631
Fan,Healthy,223.9,0.3689,53.36,0.646
Fan,Healthy,222.7,0.3692,52.58,0.64
Fan,Healthy,222.1,0.3696,52,0.633
Fan,Healthy,223.4,0.3702,52.29,0.632
Fan,Healthy,224.6,0.3688,53.21,0.642
Fan,Healthy,223.4,0.3696,52.79,0.639
Fan,Healthy,222.8,0.3685,51.96,0.633
Fan,Healthy,224,0.369,52.38,0.634
Fan,Healthy,223.5,0.3692,52.89,0.641
Fan,Healthy,222.3,0.369,51.94,0.633
Fan,Healthy,224.1,0.3694,52.82,0.638
Fan,Healthy,223.7,0.3697,53.01,0.641
Fan,Healthy,223.9,0.3693,52.67,0.637
Fan,Healthy,223.6,0.3682,52.49,0.638
Fan,Healthy,223.7,0.3695,52.8,0.639
Fan,Healthy,222.9,0.3687,52.37,0.637
Fan,Healthy,223.4,0.3681,52.68,0.64
Fan,Healthy,223.6,0.3689,52.8,0.64
Fan,Healthy,222.4,0.3675,52.14,0.638
Fan,Healthy,219.8,0.3682,51.43,0.635
Fan,Healthy,219.7,0.3678,51.67,0.64
Fan,Healthy,220.4,0.3689,52.03,0.64
Fan,Healthy,219.7,0.3694,51.31,0.632
Fan,Healthy,217.8,0.3696,50.73,0.63
Fan,Healthy,219.3,0.3683,51.43,0.637
Fan,Healthy,217.4,0.369,51.94,0.647
Fan,Healthy,216.5,0.3695,51.78,0.647
Fan,Healthy,215.1,0.3699,51.07,0.642
Fan,Healthy,215.2,0.3703,50.99,0.64
Fan,Healthy,218.3,0.3695,51.31,0.636
Fan,Healthy,217.8,0.3691,52.36,0.651
Fan,Healthy,221.2,0.3697,53.18,0.65
Fan,Healthy,221.4,0.3689,53.32,0.653
Fan,Healthy,221.4,0.3683,53.13,0.652
Fan,Healthy,221.1,0.369,52.84,0.648
Fan,Healthy,221.1,0.3686,52.66,0.646
Fan,Healthy,221.1,0.3679,52.81,0.649
Fan,Healthy,222.5,0.3688,53.29,0.65
Fan,Healthy,223.3,0.3684,53.25,0.647
Fan,Healthy,223.1,0.3689,52.66,0.64
Fan,Healthy,222.1,0.3684,52.07,0.636
Fan,Healthy,221.8,0.3689,51.7,0.632
Fan,Healthy,221.9,0.3676,51.72,0.634
Fan,Healthy,222.8,0.3701,52.67,0.639
Fan,Healthy,222.3,0.3693,53.29,0.649
Fan,Healthy,220.1,0.3696,52.38,0.644
Fan,Healthy,219.2,0.3709,51.74,0.636
Fan,Healthy,220.8,0.3708,52.31,0.639
